name,datetime,tempmax,tempmin,temp,feelslikemax,feelslikemin,feelslike,dew,humidity,precip,precipprob,precipcover,preciptype,snow,snowdepth,windgust,windspeed,winddir,sealevelpressure,cloudcover,visibility,solarradiation,solarenergy,uvindex,severerisk,sunrise,sunset,moonphase,conditions,description,icon,stations
kanpur,2022-01-01,20.3,11,14.4,20.3,11,14.4,10.6,80.5,0,0,0,,,,,9.4,281,1021.6,38.3,1.5,169.9,14.6,6,,2022-01-01T06:56:48,2022-01-01T17:27:37,0.95,Partially cloudy,Partly cloudy throughout the day.,partly-cloudy-day,"42367099999,42369099999,VILK,remote,42469099999"
kanpur,2022-01-02,20.5,7.7,13.4,20.5,7.7,13.4,10.4,83.5,0,0,0,,,,,9.4,270.5,1019.8,47.3,1.8,159.3,13.8,6,,2022-01-02T06:57:04,2022-01-02T17:28:17,0.98,Partially cloudy,Partly cloudy throughout the day.,partly-cloudy-day,"42367099999,42369099999,VILK,42469099999"
kanpur,2022-01-03,21,6.7,13.2,21,6.7,13.2,10,83.1,0,0,0,,,,,7.6,283.2,1018.1,8,1.3,151.3,13,6,,2022-01-03T06:57:19,2022-01-03T17:28:59,0,Clear,Clear conditions throughout the day.,clear-day,"42367099999,42369099999,VILK,remote,42469099999"
kanpur,2022-01-04,22.9,7.7,14.6,22.9,7.7,14.6,11.4,82.7,0,0,0,,,,,8.6,240.2,1017.4,2.6,1,164.2,14.3,6,,2022-01-04T06:57:32,2022-01-04T17:29:41,0.05,Clear,Clear conditions throughout the day.,clear-day,"42367099999,42369099999,VILK,remote,42469099999"
kanpur,2022-01-05,17.1,9.8,13.8,17.1,9.8,13.8,12.7,92.6,0,0,0,,,,,7.6,94.2,1017.3,75.9,0.7,118,10.4,6,,2022-01-05T06:57:44,2022-01-05T17:30:23,0.08,Partially cloudy,Partly cloudy throughout the day.,fog,"42367099999,42369099999,VILK,42469099999"
kanpur,2022-01-06,18.5,13,14.3,18.5,13,14.3,13.2,93.2,10.8,100,20.83,rain,,,,16.9,79.4,1016.9,92.2,1.2,80.3,7.1,4,,2022-01-06T06:57:54,2022-01-06T17:31:06,0.11,"Rain, Overcast",Cloudy skies throughout the day with a chance of rain throughout the day.,rain,"42367099999,42369099999,VILK,remote,42469099999"
kanpur,2022-01-07,18.9,12.6,15.8,18.9,12.6,15.8,14.6,92.8,3,100,4.17,rain,,,,10.8,81.9,1017.9,90.6,1.5,61.1,5.1,3,,2022-01-07T06:58:03,2022-01-07T17:31:50,0.15,"Rain, Overcast",Cloudy skies throughout the day with early morning rain.,rain,"42367099999,42369099999,VILK,remote,42469099999"
kanpur,2022-01-08,19.6,15,16.9,19.6,15,16.9,15.7,92.8,3.2,100,12.5,rain,,,,18.4,111,1016.7,93.5,2.1,68.7,6.1,3,,2022-01-08T06:58:11,2022-01-08T17:32:34,0.18,"Rain, Overcast",Cloudy skies throughout the day with rain.,rain,"42367099999,42369099999,VILK,42469099999"
kanpur,2022-01-09,21.4,14.8,16.5,21.4,14.8,16.5,15.2,92.1,0.8,100,4.17,rain,,,,18.4,96.3,1014.8,85.4,2.1,95.2,8.2,4,,2022-01-09T06:58:17,2022-01-09T17:33:19,0.25,"Rain, Partially cloudy",Partly cloudy throughout the day with morning rain.,rain,"42367099999,42369099999,VILK,remote,42469099999"
kanpur,2022-01-10,21.4,14,17.3,21.4,14,17.3,15.7,90.3,0,0,0,,0,0,9.4,9.4,283.5,1016.2,74.9,2.7,184.1,16,7,10,2022-01-10T06:58:21,2022-01-10T17:34:04,0.25,Partially cloudy,Partly cloudy throughout the day.,partly-cloudy-day,"42367099999,42369099999,VILK,remote,42469099999"
kanpur,2022-01-11,21,12.6,16.2,21,12.6,16.2,14.6,90.8,0,0,0,rain,0,0,11.9,7.6,277.5,1016.6,60.9,2.7,159.4,13.8,7,10,2022-01-11T06:58:24,2022-01-11T17:34:50,0.28,Partially cloudy,Partly cloudy throughout the day.,partly-cloudy-day,"42367099999,42369099999,VILK,remote,42469099999"
kanpur,2022-01-12,20.4,12,15.4,20.4,12,15.4,12.1,82.4,0,0,0,,0,0,14.8,14.8,297.8,1016.5,57.3,2.4,165,14.3,7,10,2022-01-12T06:58:25,2022-01-12T17:35:36,0.31,Partially cloudy,Partly cloudy throughout the day.,partly-cloudy-day,"42367099999,42369099999,VILK,42469099999"
kanpur,2022-01-13,19.5,8,13.3,19.5,8,13.3,10.2,82.8,0,0,0,,0,0,11.5,11.2,316.2,1017.3,28,2.7,167.8,14.5,7,10,2022-01-13T06:58:25,2022-01-13T17:36:22,0.34,Partially cloudy,Partly cloudy throughout the day.,partly-cloudy-day,"42367099999,42369099999,VILK,remote,42469099999"
kanpur,2022-01-14,19,6.9,12.6,19,6.9,12.6,10,85.1,0,0,0,,0,0,9,7.6,329.3,1017.7,11.9,1.9,170.6,14.8,7,10,2022-01-14T06:58:24,2022-01-14T17:37:08,0.38,Clear,Clear conditions throughout the day.,clear-day,"42367099999,42369099999,VILK,42469099999"
kanpur,2022-01-15,14.4,8,10.4,14.4,7.5,10,8.9,90.4,0,0,0,,0,0,11.2,9.4,301.2,1019.1,44.5,1.2,171.9,14.8,7,10,2022-01-15T06:58:21,2022-01-15T17:37:55,0.41,Partially cloudy,Partly cloudy throughout the day.,partly-cloudy-day,"42367099999,42369099999,VILK,42469099999"
kanpur,2022-01-16,14,7,9.5,14,6.2,9.3,7.8,89,0,0,0,,0,0,14,7.6,284.8,1020.4,51.5,1,174.3,14.9,7,10,2022-01-16T06:58:16,2022-01-16T17:38:42,0.44,Partially cloudy,Partly cloudy throughout the day.,partly-cloudy-day,"42367099999,42369099999,VILK,42469099999"
kanpur,2022-01-17,15.2,7,9.9,15.2,6.6,9.5,7.5,86.8,0,0,0,,0,0,7.6,11.2,294.3,1021.2,52.3,2.9,174,15,7,10,2022-01-17T06:58:10,2022-01-17T17:39:29,0.48,Partially cloudy,Partly cloudy throughout the day.,partly-cloudy-day,"42367099999,42369099999,VILK,remote,42469099999"
kanpur,2022-01-18,13.2,4,8.4,13.2,4,8.2,6.5,88.7,0,0,0,,0,0,11.2,14.8,294,1018.7,74.9,1.8,172.3,14.8,7,10,2022-01-18T06:58:02,2022-01-18T17:40:16,0.5,Partially cloudy,Partly cloudy throughout the day.,partly-cloudy-day,"42367099999,42369099999,VILK,remote,42469099999"
kanpur,2022-01-19,13.6,8,10,13.6,6.8,9.6,8.3,89.8,0,0,0,,0,0,11.9,9.4,299.7,1016.4,83.1,1.6,168.5,14.5,7,10,2022-01-19T06:57:53,2022-01-19T17:41:03,0.54,Partially cloudy,Partly cloudy throughout the day.,partly-cloudy-day,"42367099999,42369099999,VILK,42469099999"
kanpur,2022-01-20,17.1,6,11.1,17.1,6,11.1,9.4,89.7,0,0,0,,0,0,6.5,3.6,321.4,1012.3,56.5,1,162.6,14,7,10,2022-01-20T06:57:42,2022-01-20T17:41:50,0.58,Partially cloudy,Partly cloudy throughout the day.,partly-cloudy-day,"42367099999,42369099999,VILK,42469099999"
kanpur,2022-01-21,20.5,9.4,14.1,20.5,9.4,14.1,11.1,83.7,0,0,0,,0,0,13.3,5.4,40.7,1011.7,40,2.1,167.5,14.6,7,10,2022-01-21T06:57:30,2022-01-21T17:42:38,0.62,Partially cloudy,Clearing in the afternoon.,partly-cloudy-day,"42367099999,42369099999,VILK,remote,42469099999"
kanpur,2022-01-22,15.5,10,12.4,15.5,9.6,12.3,11.1,92.3,3.4,100,8.33,rain,0,0,47.9,16.6,89.8,1009.6,63.3,1.4,55.6,4.9,2,10,2022-01-22T06:57:16,2022-01-22T17:43:25,0.65,"Rain, Partially cloudy",Partly cloudy throughout the day with morning rain.,rain,"42367099999,42369099999,VILK,42469099999"
kanpur,2022-01-23,17,12,14.3,17,12,14.3,13.2,93.1,0,0,0,rain,0,0,49.7,22.3,92,1009.6,94.7,1.2,166.7,14.5,7,10,2022-01-23T06:57:01,2022-01-23T17:44:12,0.69,Overcast,Cloudy skies throughout the day.,cloudy,"42367099999,42369099999,VILK,42469099999"
kanpur,2022-01-24,17,12.6,14.7,17,12.6,14.7,13.2,90.7,0,0,0,,0,0,23,11.2,322.7,1012.9,90.8,1.3,163.1,14,7,10,2022-01-24T06:56:44,2022-01-24T17:44:59,0.72,Overcast,Cloudy skies throughout the day.,cloudy,"42367099999,42369099999,VILK,42469099999"
kanpur,2022-01-25,18.5,9,13.1,18.5,7.9,13,10.1,83.4,0,0,0,,0,0,15.5,14.8,298.7,1014,50.6,2.2,178.9,15.4,7,10,2022-01-25T06:56:26,2022-01-25T17:45:46,0.75,Partially cloudy,Partly cloudy throughout the day.,partly-cloudy-day,"42367099999,42369099999,VILK,42469099999"
kanpur,2022-01-26,15.5,8,10.9,15.5,7.4,10.7,9,88.8,0,0,0,,0,0,23.4,11.2,281.9,1015.5,73.1,1.5,159.3,13.9,7,10,2022-01-26T06:56:06,2022-01-26T17:46:33,0.79,Partially cloudy,Partly cloudy throughout the day.,partly-cloudy-day,"42367099999,42369099999,VILK,42469099999"
kanpur,2022-01-27,18.4,6.3,11.3,18.4,5.2,11,8.9,86.2,0,0,0,,0,0,20.5,17.3,296.5,1016.2,57.6,3,178.2,15.4,7,10,2022-01-27T06:55:45,2022-01-27T17:47:20,0.83,Partially cloudy,Partly cloudy throughout the day.,partly-cloudy-day,"42367099999,42369099999,VILK,remote,42469099999"
kanpur,2022-01-28,19.5,7,12.5,19.5,6.2,12.3,7.8,75.6,0,0,0,,0,0,27.4,18.4,274.1,1016.2,37.6,1.7,186,16.1,8,10,2022-01-28T06:55:22,2022-01-28T17:48:07,0.86,Partially cloudy,Partly cloudy throughout the day.,partly-cloudy-day,"42367099999,42369099999,VILK,42469099999"
kanpur,2022-01-29,21,8,13.5,21,8,13.5,8.5,74.5,0,0,0,,0,0,20.9,18.4,296.2,1016.4,0,3.1,182.8,15.6,7,10,2022-01-29T06:54:58,2022-01-29T17:48:53,0.9,Clear,Clear conditions throughout the day.,clear-day,"42367099999,42369099999,VILK,remote,42469099999"
kanpur,2022-01-30,23.5,8,15.4,23.5,6.8,15.2,9.8,73.2,0,0,0,,0,0,24.8,20.5,277.9,1011.8,0,4.3,185.3,16,8,10,2022-01-30T06:54:33,2022-01-30T17:49:39,0.93,Clear,Clear conditions throughout the day.,clear-day,"42367099999,42369099999,VILK,remote,42469099999"
kanpur,2022-01-31,23,9.7,13.5,23,9.1,13.4,11.3,88.2,0,0,0,,0,0,10.4,9.4,55.6,1012.2,45.8,1.7,183.9,15.9,7,10,2022-01-31T06:54:06,2022-01-31T17:50:25,0.97,Partially cloudy,Partly cloudy throughout the day.,partly-cloudy-day,"42367099999,42369099999,VILK,remote,42469099999"
kanpur,2022-02-01,22,8,14.1,22,8,14.1,11.5,85,0,0,0,,0,0,20.2,14.8,297,1010.8,31.3,0.9,183.9,15.9,7,10,2022-02-01T06:53:38,2022-02-01T17:51:11,0,Partially cloudy,Clearing in the afternoon.,fog,"42367099999,42369099999,VILK,42469099999"
kanpur,2022-02-02,21,10,13.8,21,10,13.8,10.8,83.3,0,0,0,,0,0,22.3,11.5,5,1012.2,59.8,1.8,185.8,16,7,10,2022-02-02T06:53:08,2022-02-02T17:51:56,0.03,Partially cloudy,Partly cloudy throughout the day.,partly-cloudy-day,"42367099999,42369099999,VILK,remote,42469099999"
kanpur,2022-02-03,21.8,11,15.5,21.8,11,15.5,13.1,86.5,13,100,4.17,rain,0,0,45.4,29.5,110.7,1008.8,70.6,2.1,183.1,15.7,8,10,2022-02-03T06:52:37,2022-02-03T17:52:41,0.07,"Rain, Partially cloudy",Partly cloudy throughout the day with late afternoon rain.,rain,"42367099999,42369099999,VILK,remote,42469099999"
kanpur,2022-02-04,17.1,12,14.4,17.1,12,14.4,13.1,91.6,0,0,0,,0,0,23.8,11.2,19.1,1009.6,84.5,2.4,185.3,16,7,10,2022-02-04T06:52:05,2022-02-04T17:53:26,0.1,Partially cloudy,Partly cloudy throughout the day.,partly-cloudy-day,"42367099999,42369099999,VILK,42469099999"
kanpur,2022-02-05,17.1,10,12.4,17.1,9.6,12.3,10.6,89.5,0,0,0,,0,0,18.7,11.2,315.8,1013.5,76.2,1.2,192,16.6,7,10,2022-02-05T06:51:31,2022-02-05T17:54:10,0.13,Partially cloudy,Partly cloudy throughout the day.,partly-cloudy-day,"42367099999,42369099999,VILK,42469099999"
kanpur,2022-02-06,19,8,12.1,19,8,12.1,10,87.7,0,0,0,,0,0,11.9,7.6,310.7,1016.4,47.7,1.5,193,16.7,8,10,2022-02-06T06:50:57,2022-02-06T17:54:54,0.16,Partially cloudy,Clearing in the afternoon.,partly-cloudy-day,"42367099999,42369099999,VILK,42469099999"
kanpur,2022-02-07,22.3,6,14.1,22.3,6,14.1,10.1,79.1,0,0,0,,0,0,9.7,7.6,223,1015.6,8.4,3.7,193,16.6,8,10,2022-02-07T06:50:21,2022-02-07T17:55:38,0.19,Clear,Clear conditions throughout the day.,clear-day,"42367099999,42369099999,VILK,remote,42469099999"
kanpur,2022-02-08,23.5,9,16.3,23.5,9,16.3,13.5,84.5,0,0,0,,0,0,16.2,7.6,118.3,1013.8,10.4,1.8,191.4,16.4,7,10,2022-02-08T06:49:43,2022-02-08T17:56:21,0.25,Clear,Clear conditions throughout the day.,clear-day,"42367099999,42369099999,VILK,42469099999"
kanpur,2022-02-09,21.8,12.7,16.1,21.8,12.7,16.1,14.6,90.7,0,0,0,rain,0,0,37.4,18.4,68.3,1014.2,52.4,1.7,183.5,15.7,7,10,2022-02-09T06:49:05,2022-02-09T17:57:04,0.26,Partially cloudy,Partly cloudy throughout the day.,partly-cloudy-day,"42367099999,42369099999,VILK,42469099999"
kanpur,2022-02-10,21.5,10,15,21.5,9.1,14.9,11.8,82.9,0,0,0,,0,0,24.1,18.4,300.5,1016.1,27.6,2.6,198.7,17,8,10,2022-02-10T06:48:25,2022-02-10T17:57:46,0.29,Partially cloudy,Clearing in the afternoon.,partly-cloudy-day,"42367099999,42369099999,VILK,42469099999"
kanpur,2022-02-11,22.5,10,15.7,22.5,10,15.7,10.1,72.8,0,0,0,,0,0,32,27.7,285.2,1015.1,0,3.9,204,17.5,8,10,2022-02-11T06:47:44,2022-02-11T17:58:28,0.32,Clear,Clear conditions throughout the day.,clear-day,"42367099999,42369099999,VILK,remote,42469099999"
kanpur,2022-02-12,23,10,15.5,23,8.8,15.4,9.7,71.9,0,0,0,,0,0,22.3,18.4,273.9,1014.2,0,4.8,207.9,17.7,8,10,2022-02-12T06:47:02,2022-02-12T17:59:10,0.36,Clear,Clear conditions throughout the day.,clear-day,"42367099999,42369099999,VILK,remote,42469099999"
kanpur,2022-02-13,24,8,15.8,24,8,15.8,9.7,71.3,0,0,0,,0,0,9.7,7.6,282.1,1013.5,0,3.2,206.2,17.7,8,10,2022-02-13T06:46:19,2022-02-13T17:59:51,0.39,Clear,Clear conditions throughout the day.,clear-day,"42367099999,42369099999,VILK,42469099999"
kanpur,2022-02-14,24.4,8.4,16.4,24.4,8.4,16.4,11.6,75.9,0,0,0,,0,0,10.1,7.6,312.8,1013.4,0,3,205.2,17.6,8,10,2022-02-14T06:45:35,2022-02-14T18:00:32,0.42,Clear,Clear conditions throughout the day.,clear-day,"42367099999,42369099999,VILK,42469099999"
kanpur,2022-02-15,24.5,9.8,17.5,24.5,9.8,17.5,13.1,77.6,0,0,0,,0,0,16.6,7.6,327.6,1013,5.1,2.8,204.3,17.7,8,10,2022-02-15T06:44:50,2022-02-15T18:01:12,0.45,Clear,Clear conditions throughout the day.,clear-day,"42367099999,42369099999,VILK,42469099999"
kanpur,2022-02-16,25.5,10.2,17.8,25.5,10.2,17.8,12.8,75.3,0,0,0,,0,0,17.3,16.6,303.3,1010.7,0,3,204.7,17.8,8,10,2022-02-16T06:44:03,2022-02-16T18:01:52,0.5,Clear,Clear conditions throughout the day.,clear-day,"42367099999,42369099999,VILK,42469099999"
kanpur,2022-02-17,26.5,10.8,18.1,26.5,10.8,18.1,12,71.7,0,0,0,,0,0,29.9,18.4,292.9,1010.4,0,3.9,210.2,18.1,8,10,2022-02-17T06:43:16,2022-02-17T18:02:31,0.52,Clear,Clear conditions throughout the day.,clear-day,"42367099999,42369099999,VILK,remote,42469099999"
kanpur,2022-02-18,27,11.7,18.4,26.8,11.7,18.4,11.8,69.2,0,0,0,,0,0,22.3,14.8,278.2,1011.8,0,3.6,209.7,17.9,8,10,2022-02-18T06:42:28,2022-02-18T18:03:10,0.56,Clear,Clear conditions throughout the day.,clear-day,"42367099999,42369099999,VILK,42469099999"
kanpur,2022-02-19,27.5,12.2,20.1,26.7,12.2,20,11.5,61.7,0,0,0,,0,0,22.7,18.4,293.6,1012.4,7.6,3.7,206.5,17.8,8,10,2022-02-19T06:41:38,2022-02-19T18:03:49,0.59,Clear,Clear conditions throughout the day.,clear-day,"42367099999,42369099999,VILK,42469099999"
kanpur,2022-02-20,25.3,12,18.5,25.3,12,18.5,12.2,69.4,0,0,0,,0,0,47.9,24.1,274,1007.7,0.2,4,213.3,18.4,8,10,2022-02-20T06:40:48,2022-02-20T18:04:27,0.63,Clear,Clear conditions throughout the day.,clear-day,"42367099999,42369099999,VILK,42469099999"
kanpur,2022-02-21,25.5,11.3,17.9,25.5,11.3,17.9,11.7,70.6,0,0,0,,0,0,20.9,20.5,287.2,1008.4,3.4,4,216.4,18.5,8,10,2022-02-21T06:39:57,2022-02-21T18:05:05,0.66,Clear,Clear conditions throughout the day.,clear-day,"42367099999,42369099999,VILK,42469099999"
kanpur,2022-02-22,27,10.4,18.6,26.8,10.4,18.6,12.7,72.2,0,0,0,,0,0,51.5,16.6,110.8,1012.5,6.4,3.5,212.8,18.4,8,10,2022-02-22T06:39:05,2022-02-22T18:05:42,0.7,Clear,Clear conditions throughout the day.,clear-day,"42367099999,42369099999,VILK,42469099999"
kanpur,2022-02-23,27,15.8,20.6,27.4,15.8,20.6,16,76.7,0,0,0,,0,0,50.4,22.3,105.3,1014.2,17.2,3.6,207.7,17.9,8,10,2022-02-23T06:38:12,2022-02-23T18:06:19,0.73,Clear,Clear conditions throughout the day.,clear-day,"42367099999,42369099999,VILK,42469099999"
kanpur,2022-02-24,27.5,17,21.8,28,17,21.8,16.9,74.8,0,0,0,,0,0,28.4,14.8,83.1,1014.6,42.9,3.8,187.9,16.4,7,10,2022-02-24T06:37:18,2022-02-24T18:06:56,0.75,Partially cloudy,Becoming cloudy in the afternoon.,partly-cloudy-day,"42367099999,42369099999,VILK,42469099999"
kanpur,2022-02-25,28,15.3,21.3,28,15.3,21.3,15.4,72,0,0,0,,0,0,14,13,329.5,1015.7,38.6,3.3,213,18.4,8,10,2022-02-25T06:36:24,2022-02-25T18:07:32,0.81,Partially cloudy,Partly cloudy throughout the day.,partly-cloudy-day,"42367099999,42369099999,VILK,42469099999"
kanpur,2022-02-26,29.4,16,20.9,27.9,16,20.9,15.3,72.4,0,0,0,,0,0,40.7,16.6,65.4,1016.3,23.2,4.4,214.5,18.5,8,10,2022-02-26T06:35:29,2022-02-26T18:08:07,0.84,Partially cloudy,Partly cloudy throughout the day.,partly-cloudy-day,"42367099999,42369099999,VILK,remote,42469099999"
kanpur,2022-02-27,28.7,16,21.5,27.3,16,21.3,13,63.1,0,0,0,,0,0,28.8,14.8,2.9,1015.7,30.3,7.4,215.6,18.6,8,10,2022-02-27T06:34:33,2022-02-27T18:08:43,0.88,Partially cloudy,Clearing in the afternoon.,partly-cloudy-day,"42369099999,VILK,remote"
kanpur,2022-02-28,25.8,14.7,19.5,25.8,14.7,19.5,12.2,65.6,0,0,0,,0,0,23.4,16.6,303,1015.4,0,3.9,227.4,19.5,9,10,2022-02-28T06:33:36,2022-02-28T18:09:18,0.91,Clear,Clear conditions throughout the day.,clear-day,"42367099999,42369099999,VILK,42469099999"
kanpur,2022-03-01,27.5,13,19.4,26.9,13,19.3,12.6,68.3,0,0,0,,0,0,11.9,9.4,301.1,1016.1,2.5,3.8,206.4,16.3,8,10,2022-03-01T06:32:39,2022-03-01T18:09:52,0.95,Clear,Clear conditions throughout the day.,clear-day,"42367099999,42369099999,VILK,42469099999"
kanpur,2022-03-02,28.4,11.9,20.1,27.8,11.9,20.1,13.8,70.3,0,0,0,,0,0,12.6,9.4,303.2,1015.9,0,3.7,208.7,16.4,8,10,2022-03-02T06:31:41,2022-03-02T18:10:26,0,Clear,Clear conditions throughout the day.,clear-day,"42367099999,42369099999,VILK,42469099999"
kanpur,2022-03-03,29,13,20.7,29.1,13,20.7,14.2,69.4,0,0,0,,0,0,14.4,9.4,287.5,1015,4,3.9,206.5,16.3,8,10,2022-03-03T06:30:42,2022-03-03T18:11:00,0.02,Clear,Clear conditions throughout the day.,clear-day,"42367099999,42369099999,VILK,42469099999"
kanpur,2022-03-04,30.6,14.9,22.9,29.9,14.9,22.8,15,64.7,0,0,0,,0,0,30.6,18.4,300.2,1013.6,21.8,4.1,208.4,16.5,8,10,2022-03-04T06:29:43,2022-03-04T18:11:34,0.05,Partially cloudy,Clearing in the afternoon.,partly-cloudy-day,"42367099999,42369099999,VILK,42469099999"
kanpur,2022-03-05,27,15,21.1,27.5,15,21.2,16,74.7,0,0,0,,0,0,24.8,18.4,291.2,1012.9,0,4,215.1,17,9,10,2022-03-05T06:28:43,2022-03-05T18:12:07,0.08,Clear,Clear conditions throughout the day.,clear-day,"42367099999,42369099999,VILK,42469099999"
kanpur,2022-03-06,29,14,21,29.1,14,21.1,15.4,73.1,0,0,0,,0,0,10.4,11.2,315.3,1013.4,11.1,4,214.5,16.9,9,10,2022-03-06T06:27:43,2022-03-06T18:12:40,0.11,Clear,Clear conditions throughout the day.,clear-day,"42367099999,42369099999,VILK,42469099999"
kanpur,2022-03-07,30,14.9,22.3,29.7,14.9,22.3,15.7,69.1,0,0,0,,0,0,16.6,7.6,296.9,1014.1,59.4,3.9,215.8,17.7,8,10,2022-03-07T06:26:42,2022-03-07T18:13:12,0.15,Partially cloudy,Partly cloudy throughout the day.,partly-cloudy-day,"42367099999,42369099999,VILK,42469099999"
kanpur,2022-03-08,29.6,14.9,21.9,29.3,14.9,21.9,15.2,68.4,0,0,0,,0,0,25.6,20.5,300.3,1012.7,25.4,3.5,205.1,17.6,8,10,2022-03-08T06:25:41,2022-03-08T18:13:44,0.18,Partially cloudy,Partly cloudy throughout the day.,partly-cloudy-day,"42367099999,42369099999,VILK,42469099999"
kanpur,2022-03-09,32,16,23.2,31.3,16,23.1,15,63.7,0,0,0,,0,0,25.6,16.6,290,1011.5,24.8,3.9,232.3,19.9,8,10,2022-03-09T06:24:39,2022-03-09T18:14:16,0.21,Partially cloudy,Partly cloudy throughout the day.,partly-cloudy-day,"42367099999,42369099999,VILK,42469099999"
kanpur,2022-03-10,30.5,17,23.6,29.4,17,23.5,14.8,60.8,0,0,0,,0,0,22.7,16.6,292.4,1011.5,38.6,3.8,235.2,20.3,9,10,2022-03-10T06:23:37,2022-03-10T18:14:48,0.25,Partially cloudy,Partly cloudy throughout the day.,partly-cloudy-day,"42367099999,42369099999,VILK,42469099999"
kanpur,2022-03-11,32.7,17,23.5,30.4,17,23.3,14.5,62.7,0,0,0,,0,0,25.6,21.2,287,1011.5,0.4,6.4,242.2,20.8,9,10,2022-03-11T06:22:35,2022-03-11T18:15:19,0.27,Clear,Clear conditions throughout the day.,clear-day,"42367099999,42369099999,VILK,remote,42469099999"
kanpur,2022-03-12,30.5,17,23.1,30.4,17,23.2,16.2,67.8,0,0,0,,0,0,18.7,16.6,288.9,1010.6,0,4.1,250.3,21.3,9,10,2022-03-12T06:21:32,2022-03-12T18:15:50,0.31,Clear,Clear conditions throughout the day.,clear-day,"42367099999,42369099999,VILK,42469099999"
kanpur,2022-03-13,31.3,16,23.6,31.9,16,24,17.1,69.2,0,0,0,,0,0,14,16.6,272.9,1010.7,0,3.9,248.3,21.3,9,10,2022-03-13T06:20:28,2022-03-13T18:16:21,0.34,Clear,Clear conditions throughout the day.,clear-day,"42367099999,42369099999,VILK,42469099999"
kanpur,2022-03-14,33.5,18,25.3,34,18,25.7,17.9,66.9,0,0,0,,0,0,18.4,13,274.9,1009.7,0,4,246.9,21.3,9,10,2022-03-14T06:19:25,2022-03-14T18:16:52,0.37,Clear,Clear conditions throughout the day.,clear-day,"42367099999,42369099999,VILK,42469099999"
kanpur,2022-03-15,33.6,19.7,26.2,37.5,19.7,27.8,20.6,73.1,0,0,0,,0,0,28.8,13,300.2,1006.7,0.9,3.7,246.3,21.1,9,10,2022-03-15T06:18:21,2022-03-15T18:17:22,0.4,Clear,Clear conditions throughout the day.,clear-day,"42367099999,42369099999,VILK,42469099999"
kanpur,2022-03-16,33.6,20,26.8,39.3,20,29.2,22.2,78,0,0,0,,0,0,28.4,16.6,292.6,1004.6,10,3.4,250.4,21.7,9,10,2022-03-16T06:17:17,2022-03-16T18:17:52,0.43,Clear,Clear conditions throughout the day.,clear-day,"42367099999,42369099999,VILK,42469099999"
kanpur,2022-03-17,34,21.8,27.8,40.6,21.8,30.6,22,73.3,0,0,0,,0,0,10.8,14.8,98.9,1005.5,23.3,3.8,248.4,21.7,9,10,2022-03-17T06:16:13,2022-03-17T18:18:22,0.47,Partially cloudy,Partly cloudy throughout the day.,partly-cloudy-day,"42367099999,42369099999,VILK,remote,42469099999"
kanpur,2022-03-18,35.4,22,28.5,38.6,22,30.3,20.2,63.5,0,0,0,,0,0,17.6,11.5,74.6,1006.7,14.6,4.8,251.5,21.7,9,10,2022-03-18T06:15:08,2022-03-18T18:18:52,0.5,Clear,Clear conditions throughout the day.,clear-day,"42367099999,42369099999,VILK,remote,42469099999"
kanpur,2022-03-19,36.1,22,28.8,40.6,22,31.5,22.2,70,0,0,0,,0,0,20.9,9.4,318.3,1004.8,1.2,3.6,253.3,21.7,9,10,2022-03-19T06:14:03,2022-03-19T18:19:22,0.53,Clear,Clear conditions throughout the day.,clear-day,"42367099999,42369099999,VILK,42469099999"
kanpur,2022-03-20,36.1,21,28.6,41.9,21,31,21.3,68.4,0,0,0,,0,0,20.9,11.2,268.3,1003.9,1,4.6,254.8,21.9,9,10,2022-03-20T06:12:59,2022-03-20T18:19:51,0.57,Clear,Clear conditions throughout the day.,clear-day,"42367099999,42369099999,VILK,remote,42469099999"
kanpur,2022-03-21,38.5,21.5,29.5,40.5,21.5,30.1,16.8,52.9,0,0,0,,0,0,27,15.1,271.9,1004.8,15.6,5.6,260.1,22.4,9,10,2022-03-21T06:11:54,2022-03-21T18:20:21,0.61,Clear,Clear conditions throughout the day.,clear-day,"42367099999,42369099999,VILK,remote,42469099999"
kanpur,2022-03-22,37.1,22,28.7,36.4,22,28.3,13.2,46.6,0,0,0,,0,0,29.2,27.7,299.5,1005.8,0.2,5.8,261.2,22.5,9,10,2022-03-22T06:10:49,2022-03-22T18:20:50,0.64,Clear,Clear conditions throughout the day.,clear-day,"42367099999,42369099999,VILK,remote,42469099999"
kanpur,2022-03-23,35.5,19,26.8,36.3,19,26.8,15.5,53.4,0,0,0,,0,0,33.5,18.4,279.7,1006.3,0.9,4.1,284,24.4,10,10,2022-03-23T06:09:44,2022-03-23T18:21:19,0.68,Clear,Clear conditions throughout the day.,clear-day,"42367099999,42369099999,VILK,42469099999"
kanpur,2022-03-24,35.8,20,28,36.9,20,28.6,16.5,53.8,0,0,0,,0,0,37.8,13,257.4,1004.9,19.2,4.8,262.3,22.6,9,10,2022-03-24T06:08:39,2022-03-24T18:21:48,0.71,Clear,Clear conditions throughout the day.,clear-day,"42367099999,42369099999,VILK,remote,42469099999"
kanpur,2022-03-25,36.4,22,28.6,34.8,22,28,13.1,44.8,0,0,0,,0,0,36.4,21.4,311.2,1005,0.6,5.7,281.3,24.2,9,10,2022-03-25T06:07:33,2022-03-25T18:22:17,0.75,Clear,Clear conditions throughout the day.,clear-day,"42367099999,42369099999,VILK,remote,42469099999"
kanpur,2022-03-26,36,20,27.7,34,20,27.2,13.1,44.8,0,0,0,,0,0,44.6,25.9,293,1007,0,4,287.5,24.7,10,10,2022-03-26T06:06:28,2022-03-26T18:22:46,0.79,Clear,Clear conditions throughout the day.,clear-day,"42367099999,42369099999,VILK,42469099999"
kanpur,2022-03-27,39,21,28.3,35.5,21,27.9,12.4,42,0,0,0,,0,0,40,25.9,274.4,1007.8,0.4,4.9,290.3,25.1,10,10,2022-03-27T06:05:23,2022-03-27T18:23:15,0.82,Clear,Clear conditions throughout the day.,clear-day,"42367099999,42369099999,VILK,remote,42469099999"
kanpur,2022-03-28,38.4,20.5,28.4,36.4,20.5,27.9,13.3,44.3,0,0,0,,0,0,22.3,20.5,278.6,1006.6,0,4,291,25.2,10,10,2022-03-28T06:04:18,2022-03-28T18:23:44,0.86,Clear,Clear conditions throughout the day.,clear-day,"42367099999,42369099999,VILK,42469099999"
kanpur,2022-03-29,39.3,20,29.4,37.6,20,28.7,11.9,39.2,0,0,0,,0,0,23.4,20.5,320.7,1004.6,0.8,4.9,291.2,25.1,10,10,2022-03-29T06:03:13,2022-03-29T18:24:12,0.89,Clear,Clear conditions throughout the day.,clear-day,"42367099999,42369099999,VILK,remote,42469099999"
kanpur,2022-03-30,38,21,29.1,43.4,21,30.6,17.2,52.1,0,0,0,,0,0,17.6,7.9,27,1005.3,0.4,4.1,291.7,25.2,10,10,2022-03-30T06:02:09,2022-03-30T18:24:41,0.93,Clear,Clear conditions throughout the day.,clear-day,"42367099999,42369099999,VILK,remote,42469099999"
kanpur,2022-03-31,38,24,30.9,42.7,24,33.4,21.5,60.9,0,0,0,,0,0,18,7.6,102.9,1005.6,4.2,3.4,288.3,24.7,9,10,2022-03-31T06:01:04,2022-03-31T18:25:10,0.96,Clear,Clear conditions throughout the day.,clear-day,"42367099999,42369099999,VILK,42469099999"
kanpur,2022-04-01,39.1,24,31,41.9,24,32,19.4,55.3,0,0,0,,0,0,22.3,11.2,312.1,1004.9,0,3.8,294.7,25.5,10,10,2022-04-01T06:00:00,2022-04-01T18:25:39,0,Clear,Clear conditions throughout the day.,clear-day,"42367099999,42369099999,VILK,42469099999"
kanpur,2022-04-02,40.6,20,28.9,36.6,20,28.5,13.9,46.6,0,0,0,,0,0,23.4,17.3,316.9,1007.7,0,5,303.5,26.3,10,10,2022-04-02T05:58:56,2022-04-02T18:26:07,0.03,Clear,Clear conditions throughout the day.,clear-day,"42367099999,42369099999,VILK,remote,42469099999"
kanpur,2022-04-03,39,20,29.5,38.6,20,29,14.3,46.1,0,0,0,,0,0,25.2,11.2,268.6,1006.7,0.3,4.3,301.1,26,10,10,2022-04-03T05:57:52,2022-04-03T18:26:36,0.06,Clear,Clear conditions throughout the day.,clear-day,"42367099999,42369099999,VILK,42469099999"
kanpur,2022-04-04,40.3,19,30.2,39.4,19,29.3,10.7,35.1,0,0,0,,0,0,28.8,25.9,282.4,1006,0,4.4,307.7,26.6,10,10,2022-04-04T05:56:48,2022-04-04T18:27:05,0.1,Clear,Clear conditions throughout the day.,clear-day,"42367099999,42369099999,VILK,42469099999"
kanpur,2022-04-05,40,22,30.4,40.6,22,29.6,10.5,33.8,0,0,0,,0,0,25.2,14.8,290,1008.8,8,5,307.8,26.6,10,10,2022-04-05T05:55:44,2022-04-05T18:27:34,0.13,Clear,Clear conditions throughout the day.,clear-day,"42367099999,42369099999,VILK,remote,42469099999"
kanpur,2022-04-06,39.5,21,30.6,37.6,21,29.7,10.1,32.6,0,0,0,,0,0,27,24.1,301.1,1009,1.3,5.1,305.8,26.4,10,10,2022-04-06T05:54:41,2022-04-06T18:28:03,0.16,Clear,Clear conditions throughout the day.,clear-day,"42367099999,42369099999,VILK,remote,42469099999"
kanpur,2022-04-07,40,20.1,30.1,39,20.1,29.4,12.2,38.1,0,0,0,,0,0,25.2,16.6,311.2,1008.3,4.9,4,310.2,26.9,10,10,2022-04-07T05:53:39,2022-04-07T18:28:32,0.19,Clear,Clear conditions throughout the day.,clear-day,"42367099999,42369099999,VILK,42469099999"
kanpur,2022-04-08,41,22,30.7,39.7,22,30,12.5,36.7,0,0,0,,0,0,28.8,14.8,319.6,1006,0,4.1,307.1,26.7,10,10,2022-04-08T05:52:36,2022-04-08T18:29:01,0.23,Clear,Clear conditions throughout the day.,clear-day,"42367099999,42369099999,VILK,42469099999"
kanpur,2022-04-09,41,21.8,30.9,43.1,21.8,31.1,15.1,40.9,0,0,0,,0,0,32,9.4,45.2,1004.1,0,4.1,307.1,26.6,10,10,2022-04-09T05:51:34,2022-04-09T18:29:30,0.25,Clear,Clear conditions throughout the day.,clear-day,"42367099999,42369099999,VILK,42469099999"
kanpur,2022-04-10,39.1,24.8,30.7,44.5,24.8,33.9,19.9,55.7,0,0,0,,0,0,26.3,9.4,76.8,1003.3,0.1,4.8,307.2,26.7,10,10,2022-04-10T05:50:33,2022-04-10T18:29:59,0.29,Clear,Clear conditions throughout the day.,clear-day,"42367099999,42369099999,VILK,remote,42469099999"
kanpur,2022-04-11,41,24,31.5,43,24,33.4,20.5,58.5,0,0,0,,0,0,25.2,18.4,341.1,1003.1,3.1,4,314.3,27.3,10,10,2022-04-11T05:49:31,2022-04-11T18:30:28,0.32,Clear,Clear conditions throughout the day.,clear-day,"42367099999,42369099999,VILK,42469099999"
kanpur,2022-04-12,38.1,25.2,31.2,47.6,25.2,37,24.3,67.8,0,0,0,,0,0,21.6,16.6,84.5,1003.4,35.4,3.9,278.8,24.2,9,10,2022-04-12T05:48:31,2022-04-12T18:30:58,0.35,Partially cloudy,Partly cloudy throughout the day.,partly-cloudy-day,"42367099999,42369099999,VILK,42469099999"
kanpur,2022-04-13,40.7,27,32.4,44.5,29.9,36.9,21.9,59.9,0,0,0,,0,0,28.1,11.2,82.9,1002.5,51.9,5.6,286.7,24.7,9,10,2022-04-13T05:47:31,2022-04-13T18:31:28,0.39,Partially cloudy,Partly cloudy throughout the day.,partly-cloudy-day,"42367099999,42369099999,VILK,remote,42469099999"
kanpur,2022-04-14,40,25,32.1,42.3,25,32.7,15.8,39.6,0,0,0,,0,0,47.2,22.3,280.2,1001.3,10.6,4.1,304,26.2,10,10,2022-04-14T05:46:31,2022-04-14T18:31:57,0.42,Clear,Clear conditions throughout the day.,clear-day,"42367099999,42369099999,VILK,42469099999"
kanpur,2022-04-15,39.5,27,32.5,40.7,27.3,32.4,13.8,34.9,0,0,0,,0,0,29.9,16.6,321.5,1002,34.1,5.1,302.2,26.1,10,10,2022-04-15T05:45:32,2022-04-15T18:32:27,0.45,Partially cloudy,Partly cloudy throughout the day.,partly-cloudy-day,"42367099999,42369099999,VILK,remote,42469099999"
kanpur,2022-04-16,40.3,29.2,34.4,39.5,29.4,33.8,13.6,29.9,0,0,0,,0,0,24.5,14.8,298,1001.2,38.9,4.2,301.2,26,10,10,2022-04-16T05:44:33,2022-04-16T18:32:57,0.48,Partially cloudy,Clearing in the afternoon.,partly-cloudy-day,"42367099999,42369099999,VILK,42469099999"
kanpur,2022-04-17,41.7,23,32.9,39.8,23,32,11.8,35,0,0,0,,0,0,29.2,20.5,298.7,1002.2,0,6.6,315.1,27.1,10,10,2022-04-17T05:43:35,2022-04-17T18:33:27,0.5,Clear,Clear conditions throughout the day.,clear-day,"42369099999,VILK,remote,42469099999"
kanpur,2022-04-18,43,23,32.9,41.8,23,32.7,14.4,37,0,0,0,,0,0,23,14.8,270.6,1003.9,0.4,4.3,310.4,26.9,10,10,2022-04-18T05:42:38,2022-04-18T18:33:57,0.55,Clear,Clear conditions throughout the day.,clear-day,"42369099999,VILK,42469099999"
kanpur,2022-04-19,41,25,32.7,42.9,25,33.8,17.6,43.8,0,0,0,,0,0,26.6,13,345.2,1005.1,0,4.8,309.8,26.9,10,10,2022-04-19T05:41:41,2022-04-19T18:34:28,0.59,Clear,Clear conditions throughout the day.,clear-day,"42369099999,VILK,remote,42469099999"
kanpur,2022-04-20,42,26,34.2,41.6,26,34,14.1,32.7,0,0,0,,0,0,34.6,24.1,298.9,1003.8,7.7,5.7,307.8,26.6,10,10,2022-04-20T05:40:45,2022-04-20T18:34:58,0.62,Clear,Clear conditions throughout the day.,clear-day,"42369099999,VILK,remote,42469099999"
kanpur,2022-04-21,36.5,25,31.1,43.6,25,34.1,21.4,58.1,0,0,0,,0,0,41,18.4,56.7,1005.6,30.7,4.3,291.4,25,10,10,2022-04-21T05:39:49,2022-04-21T18:35:29,0.66,Partially cloudy,Becoming cloudy in the afternoon.,partly-cloudy-day,"42369099999,VILK,42469099999"
kanpur,2022-04-22,40.2,25.7,32.4,38.9,25.7,32.3,15,36.9,0,0,0,,0,0,22,18.4,308.4,1006.4,20.4,5.9,305.6,26.4,10,10,2022-04-22T05:38:55,2022-04-22T18:36:00,0.69,Partially cloudy,Partly cloudy throughout the day.,partly-cloudy-day,"42369099999,VILK,remote,42469099999"
kanpur,2022-04-23,40.5,25.7,32.6,38.6,25.7,31.8,12.7,33.3,0,0,0,,0,0,31.3,25.9,296,1005.9,0,4.4,310.9,26.9,10,10,2022-04-23T05:38:01,2022-04-23T18:36:31,0.75,Clear,Clear conditions throughout the day.,clear-day,"42369099999,VILK"
kanpur,2022-04-24,40.6,24.3,32.4,38.8,24.3,31.6,11.2,29.2,0,0,0,,0,0,44.6,35.3,280.4,1003.9,0,4.9,316.3,27.3,10,10,2022-04-24T05:37:08,2022-04-24T18:37:02,0.77,Clear,Clear conditions throughout the day.,clear-day,"42369099999,VILK,remote"
kanpur,2022-04-25,41,25,32.9,40.5,25,32.5,13.3,32.6,0,0,0,,0,0,40.3,20.5,278.8,1003.1,0,4.2,316.2,27.1,10,10,2022-04-25T05:36:15,2022-04-25T18:37:33,0.8,Clear,Clear conditions throughout the day.,clear-day,"42369099999,VILK,42469099999"
kanpur,2022-04-26,43,26.8,32.8,42,27.1,32.5,14,34.8,0,0,0,,0,0,27.4,18.7,300.1,1003.9,15.3,4.6,313.4,27.1,10,10,2022-04-26T05:35:24,2022-04-26T18:38:04,0.84,Clear,Clear conditions throughout the day.,clear-day,"42367099999,42369099999,VILK,remote,42469099999"
kanpur,2022-04-27,42.4,25.7,33.4,43.2,25.7,33.3,14.4,34.5,0,0,0,,0,0,28.1,22.3,306.1,1003.2,0,4.2,318.7,27.5,10,10,2022-04-27T05:34:33,2022-04-27T18:38:36,0.87,Clear,Clear conditions throughout the day.,clear-day,"42369099999,VILK,42469099999"
kanpur,2022-04-28,42.5,24,33,42.8,24,33.1,15,36.7,0,0,0,,0,0,27.7,13,278.1,1003.9,0,4.1,319.2,27.6,10,10,2022-04-28T05:33:43,2022-04-28T18:39:08,0.91,Clear,Clear conditions throughout the day.,clear-day,"42369099999,VILK,42469099999"
kanpur,2022-04-29,44,26,34.2,44,26,34.9,16.7,39.5,0,0,0,,0,0,27.7,9.4,287.2,1002.5,3.6,4.1,318.7,27.4,10,10,2022-04-29T05:32:54,2022-04-29T18:39:40,0.94,Clear,Clear conditions throughout the day.,clear-day,"42369099999,VILK,42469099999"
kanpur,2022-04-30,40,26.9,33.4,47.3,27.7,37.2,20.1,47.2,0,0,0,,0,0,18,22.3,87.3,1000.6,10.7,4.7,316.5,27.4,10,10,2022-04-30T05:32:06,2022-04-30T18:40:12,0.98,Clear,Clear conditions throughout the day.,clear-day,"42369099999,VILK,remote,42469099999"
kanpur,2022-05-01,35.3,25,30.6,40.6,25,34.1,22.4,62.5,0,0,0,,0,0,51.5,20.5,89.2,1001.6,19.9,4.2,312.5,27.1,10,30,2022-05-01T05:31:19,2022-05-01T18:40:44,0,Clear,Clear conditions throughout the day.,clear-day,"42369099999,VILK,42469099999"
kanpur,2022-05-02,36.9,27,31.2,44.9,29.4,36.7,23.8,65.7,0,0,0,,0,0,47.5,20.5,87,1001.6,45.3,4.2,310.4,26.9,10,30,2022-05-02T05:30:32,2022-05-02T18:41:16,0.05,Partially cloudy,Partly cloudy throughout the day.,partly-cloudy-day,"42369099999,VILK,42469099999"
kanpur,2022-05-03,39.2,26,31.4,51,26,36.2,22.9,61.3,0,0,0,,0,0,46.4,19.4,88.5,1002.8,21.6,5.9,311,27,10,30,2022-05-03T05:29:47,2022-05-03T18:41:48,0.08,Partially cloudy,Partly cloudy throughout the day.,partly-cloudy-day,"42367099999,42369099999,VILK,remote,42469099999"
kanpur,2022-05-04,36.1,27,31.4,44.7,29.3,36.6,23.4,63.4,0,0,0,,0,0,39.2,16.6,83.3,1005.2,29.3,4.3,297.8,26,10,30,2022-05-04T05:29:03,2022-05-04T18:42:21,0.11,Partially cloudy,Partly cloudy throughout the day.,partly-cloudy-day,"42369099999,VILK,42469099999"
kanpur,2022-05-05,34.3,20,28.3,39.3,20,31.2,22.4,72,14,100,4.17,rain,0,0,42.1,22.3,5.8,1005.5,45.6,4,315.5,27.3,10,10,2022-05-05T05:28:19,2022-05-05T18:42:53,0.14,"Rain, Partially cloudy",Clearing in the afternoon with early morning rain.,rain,"42369099999,VILK"
kanpur,2022-05-06,37,25.8,31.2,43.3,25.8,35.6,23.5,65.9,0,0,0,,0,0,28.8,11.2,96.1,1005,12.1,4.2,316.9,27.3,10,10,2022-05-06T05:27:37,2022-05-06T18:43:26,0.18,Clear,Clear conditions throughout the day.,clear-day,"42369099999,VILK,42469099999"
kanpur,2022-05-07,38.1,25.5,31.4,44.5,25.5,36.4,23.9,66.6,0,0,0,,0,0,25.9,13,99.9,1005.1,3.3,4.2,320.8,27.7,10,10,2022-05-07T05:26:55,2022-05-07T18:43:59,0.21,Clear,Clear conditions throughout the day.,clear-day,"42367099999,42369099999,VILK,42469099999"
kanpur,2022-05-08,38,27.4,32.4,43.6,27.3,35.7,18.5,47.9,0,0,0,,0,0,24.5,16.6,99.4,1003.4,0,10.1,323,27.9,10,10,2022-05-08T05:26:15,2022-05-08T18:44:32,0.24,Clear,Clear conditions throughout the day.,clear-day,"42369099999,VILK,remote,42469099999"
kanpur,2022-05-09,36.5,27,31.9,43.3,30.1,37.6,23.9,63.8,0,0,0,,0,0,35.3,16.6,82.9,1003.1,13.1,4.3,316.5,27.2,10,10,2022-05-09T05:25:36,2022-05-09T18:45:05,0.25,Clear,Clear conditions throughout the day.,clear-day,"42369099999,VILK,42469099999"
kanpur,2022-05-10,37,28.9,32.5,46.3,32,39.6,24.7,64.2,0,0,0,,0,0,36.4,18.4,88.9,1003,15.3,4,315.2,27.2,10,10,2022-05-10T05:24:58,2022-05-10T18:45:37,0.31,Clear,Clear conditions throughout the day.,clear-day,"42367099999,42369099999,VILK,42469099999"
kanpur,2022-05-11,37.6,25,32.6,46.6,25,38.8,24.1,62.3,0.4,100,4.17,rain,0,0,29.5,18.4,61.1,1001.5,57.7,3.8,311,26.9,10,10,2022-05-11T05:24:21,2022-05-11T18:46:10,0.34,"Rain, Partially cloudy",Partly cloudy throughout the day with morning rain.,rain,"42369099999,VILK,42469099999"
kanpur,2022-05-12,38,28.9,32.6,49,33.4,39.8,24.8,64.8,0.4,100,4.17,rain,0,0,46.4,23.1,78.8,1000.1,28.9,3.9,317.9,27.5,10,10,2022-05-12T05:23:45,2022-05-12T18:46:43,0.37,"Rain, Partially cloudy",Becoming cloudy in the afternoon with late afternoon rain.,rain,"42367099999,42369099999,VILK,42469099999"
kanpur,2022-05-13,41.2,28,34.1,53.5,32.6,43,25.8,64.2,0,0,0,,0,0,35.6,11.2,69.8,996.5,21.3,4.3,325.2,28,10,10,2022-05-13T05:23:10,2022-05-13T18:47:16,0.41,Partially cloudy,Clearing in the afternoon.,partly-cloudy-day,"42369099999,VILK,42469099999"
kanpur,2022-05-14,42.1,29,35.1,51.8,35.8,45,26.1,63,0,0,0,,0,0,32.4,13,75.7,996.8,0,4.3,330.4,28.4,10,10,2022-05-14T05:22:37,2022-05-14T18:47:49,0.44,Clear,Clear conditions throughout the day.,clear-day,"42369099999,VILK,42469099999"
kanpur,2022-05-15,42.8,28,34,53.5,33,43.5,25.2,65.8,0,0,0,,0,0,40,17.3,82.7,998.8,6.3,5.2,332.2,28.7,10,10,2022-05-15T05:22:04,2022-05-15T18:48:22,0.47,Clear,Clear conditions throughout the day.,clear-day,"42369099999,VILK,remote,42469099999"
kanpur,2022-05-16,45.3,30,34.4,53.6,33.8,43.2,24.5,61.7,0,0,0,,0,0,27,17.6,132.3,998.6,45.9,4.7,312.4,26.9,10,10,2022-05-16T05:21:33,2022-05-16T18:48:55,0.5,Partially cloudy,Partly cloudy throughout the day.,partly-cloudy-day,"42369099999,VILK,remote"
kanpur,2022-05-17,42.4,29,35.2,50.2,34.1,40.4,21.8,51.9,0,0,0,,0,0,30.6,16.6,302.8,998.6,5.4,4.4,333.5,28.7,10,10,2022-05-17T05:21:03,2022-05-17T18:49:28,0.54,Clear,Clear conditions throughout the day.,clear-day,"42369099999,VILK,42469099999"
kanpur,2022-05-18,41,29.6,34.7,48.5,33.1,41.3,23.5,54.1,0,0,0,,0,0,37.4,24.1,60,1000.5,28.8,4.2,322,27.8,10,10,2022-05-18T05:20:34,2022-05-18T18:50:00,0.57,Partially cloudy,Partly cloudy throughout the day.,partly-cloudy-day,"42369099999,VILK,42469099999"
kanpur,2022-05-19,42.7,28.6,35.2,48.4,30.4,40.2,22,48.7,0,0,0,,0,0,28.1,11.2,314.9,1000.4,26.9,4.2,328.9,28.4,10,10,2022-05-19T05:20:07,2022-05-19T18:50:33,0.61,Partially cloudy,Clearing in the afternoon.,partly-cloudy-day,"42367099999,42369099999,VILK,42469099999"
kanpur,2022-05-20,40.8,29.7,34.2,50.8,34.6,41.9,24.8,58.7,0,0,0,,0,0,32,18.4,83.6,997.9,18.7,4,327.9,28.4,10,10,2022-05-20T05:19:40,2022-05-20T18:51:05,0.64,Clear,Clear conditions throughout the day.,clear-day,"42369099999,VILK,42469099999"
kanpur,2022-05-21,40,27,33,44.2,30.8,38.2,22.9,58.7,3,100,4.17,rain,0,0,58.7,22.3,286.7,996,76.6,4,302.1,26,10,10,2022-05-21T05:19:15,2022-05-21T18:51:37,0.68,"Rain, Partially cloudy",Partly cloudy throughout the day with early morning rain.,rain,"42369099999,VILK,42469099999"
kanpur,2022-05-22,35.4,26,30.5,38.1,26,33.1,20.8,57.4,0.6,100,4.17,rain,0,0,38.5,22.3,81.5,995.8,59.5,4.1,319.6,27.5,10,10,2022-05-22T05:18:51,2022-05-22T18:52:09,0.71,"Rain, Partially cloudy",Partly cloudy throughout the day with early morning rain.,rain,"42369099999,VILK"
kanpur,2022-05-23,34.6,21,26.1,42.1,21,27.8,22.1,79.1,21,100,4.17,rain,0,0,55.4,37.1,67.6,999.1,50.5,4.1,303.8,26.3,10,30,2022-05-23T05:18:28,2022-05-23T18:52:41,0.75,"Rain, Partially cloudy",Partly cloudy throughout the day with afternoon rain.,rain,"42367099999,42369099999,VILK,42469099999"
kanpur,2022-05-24,31.3,22,25.8,38.5,22,27.4,22.9,84.4,0,0,0,rain,0,0,40.3,14.8,27.4,1004.3,77.4,3.9,312.1,26.9,10,10,2022-05-24T05:18:07,2022-05-24T18:53:13,0.78,Partially cloudy,Partly cloudy throughout the day.,partly-cloudy-day,"42369099999,VILK,42469099999"
kanpur,2022-05-25,35,22.5,29.3,40.6,22.5,32.3,22.7,70,0,0,0,,0,0,22.7,9.4,307.9,1004.2,42.2,4.1,286.7,24.7,10,10,2022-05-25T05:17:47,2022-05-25T18:53:44,0.82,Partially cloudy,Partly cloudy throughout the day.,partly-cloudy-day,"42367099999,42369099999,VILK,42469099999"
kanpur,2022-05-26,37.8,24.8,31.4,41,24.8,34.9,22.4,61.8,0,0,0,,0,0,31.3,13,328.6,1002.2,34.5,4.3,323.1,27.9,10,10,2022-05-26T05:17:28,2022-05-26T18:54:15,0.85,Partially cloudy,Partly cloudy throughout the day.,partly-cloudy-day,"42367099999,42369099999,VILK,42469099999"
kanpur,2022-05-27,38,27,32.3,44.5,29.6,37.2,23.5,62.9,1,100,4.17,rain,0,0,35.3,11.2,329.4,999.3,38.1,4.2,320.3,27.7,10,10,2022-05-27T05:17:10,2022-05-27T18:54:46,0.89,"Rain, Partially cloudy",Partly cloudy throughout the day with late afternoon rain.,rain,"42369099999,VILK"
kanpur,2022-05-28,39,26.9,33.1,46.2,29.7,38.5,23.5,60.5,0.1,100,4.17,rain,0,0,34.9,7.9,280.2,998.1,30.8,5.1,287.5,24.8,10,10,2022-05-28T05:16:54,2022-05-28T18:55:16,0.92,"Rain, Partially cloudy",Partly cloudy throughout the day with late afternoon rain.,rain,"42367099999,42369099999,VILK,remote,42469099999"
kanpur,2022-05-29,35,29,31.4,44.9,33.7,39.2,25.8,72.7,0,0,0,,0,0,48.2,28.6,94.3,998.5,51.9,3.6,323.6,27.9,10,10,2022-05-29T05:16:39,2022-05-29T18:55:46,0.96,Partially cloudy,Partly cloudy throughout the day.,partly-cloudy-day,"42369099999,VILK,42469099999"
kanpur,2022-05-30,37.9,27,32.3,49.6,30.6,41.1,26.1,71.2,0,0,0,,0,0,29.9,13.9,90.3,999.6,19.2,4.2,318.7,27.5,10,10,2022-05-30T05:16:25,2022-05-30T18:56:16,0,Clear,Clear conditions throughout the day.,clear-day,"42369099999,VILK,42469099999"
kanpur,2022-05-31,40,29,34.4,51,36.1,44,26,64.1,0,0,0,,0,0,36,9.4,82,998.6,31.7,4.1,330.4,28.7,10,10,2022-05-31T05:16:13,2022-05-31T18:56:45,0.03,Partially cloudy,Partly cloudy throughout the day.,partly-cloudy-day,"42369099999,VILK"
kanpur,2022-06-01,41.3,30.8,35.6,50.2,35.9,42.1,23.1,51.6,0,0,0,,0,0,35.3,18.4,317.4,998.8,7.5,4.1,336.4,29,10,10,2022-06-01T05:16:01,2022-06-01T18:57:13,0.06,Clear,Clear conditions throughout the day.,clear-day,"42369099999,VILK"
kanpur,2022-06-02,42,28,34.4,45.9,32.1,39.2,22.3,53.6,0,0,0,,0,0,25.2,18.4,315.7,998.9,37.4,4.3,315.5,27.1,10,10,2022-06-02T05:15:51,2022-06-02T18:57:42,0.09,Partially cloudy,Partly cloudy throughout the day.,partly-cloudy-day,"42369099999,VILK,42469099999"
kanpur,2022-06-03,42,27,34.6,44.6,28.6,37.3,19.9,45.7,0,0,0,,0,0,21.2,16.6,298.8,998,47.5,4,301.4,26,9,10,2022-06-03T05:15:43,2022-06-03T18:58:09,0.13,Partially cloudy,Partly cloudy throughout the day.,partly-cloudy-day,"42369099999,VILK"
kanpur,2022-06-04,43.1,27.4,35.3,46.9,28.3,36.6,17.4,38.4,0,0,0,,0,0,29.5,13,300.9,998.1,31,4.2,326.3,28.2,10,10,2022-06-04T05:15:35,2022-06-04T18:58:36,0.16,Partially cloudy,Partly cloudy throughout the day.,partly-cloudy-day,"42369099999,VILK,42469099999"
kanpur,2022-06-05,42.3,29,34.6,47.7,30.6,38.4,20.9,47.9,0,0,0,,0,0,33.1,9.4,64.4,998.7,37.7,4,317,27.6,10,10,2022-06-05T05:15:29,2022-06-05T18:59:03,0.19,Partially cloudy,Partly cloudy throughout the day.,partly-cloudy-day,"42369099999,VILK,42469099999"
kanpur,2022-06-06,42,29,34.9,49.5,32.6,40.9,22.9,53.9,0,0,0,,0,0,20.5,13,69,998.3,10.3,4.4,334.9,28.9,10,10,2022-06-06T05:15:24,2022-06-06T18:59:29,0.23,Clear,Clear conditions throughout the day.,clear-day,"42369099999,VILK,42469099999"
kanpur,2022-06-07,43,30,35.6,51.5,34.8,41.8,23,51.8,0,0,0,,0,0,26.3,11.2,183.4,997.4,26.6,3.9,333.1,28.9,10,10,2022-06-07T05:15:20,2022-06-07T18:59:54,0.25,Partially cloudy,Clearing in the afternoon.,partly-cloudy-day,"42367099999,42369099999,VILK,42469099999"
kanpur,2022-06-08,42.1,30.7,35.5,52,35,41.8,22.9,52.5,0,0,0,,0,0,31.7,22.3,307,997,27,3.4,332.2,28.8,10,10,2022-06-08T05:15:18,2022-06-08T19:00:19,0.29,Partially cloudy,Clearing in the afternoon.,partly-cloudy-day,"42369099999,VILK,42469099999"
kanpur,2022-06-09,43.4,28.1,35.9,45.5,29.9,38.2,19,40.7,0,0,0,,0,0,29.5,22.3,297.8,996.6,4.7,3.9,331.6,28.8,10,10,2022-06-09T05:15:17,2022-06-09T19:00:43,0.33,Clear,Clear conditions throughout the day.,clear-day,"42369099999,VILK"
kanpur,2022-06-10,41.3,30,35.2,51,36.1,45.2,26,61.8,0,0,0,,0,0,21.6,14.8,100.3,997.1,27.4,4,302.3,26.1,10,10,2022-06-10T05:15:17,2022-06-10T19:01:06,0.36,Partially cloudy,Partly cloudy throughout the day.,partly-cloudy-day,"42369099999,VILK"
kanpur,2022-06-11,43,30.9,36.6,47.6,38.3,43.3,23,50.3,0,0,0,,0,0,29.2,20.5,261.1,997.2,11.2,4.3,333.6,28.8,10,10,2022-06-11T05:15:18,2022-06-11T19:01:28,0.39,Clear,Clear conditions throughout the day.,clear-day,"42369099999,VILK,42469099999"
kanpur,2022-06-12,42.1,30,35.9,47.4,34.1,40.8,21.9,48,0,0,0,,0,0,39.2,20.5,299.5,998.4,5.6,4.3,332,28.7,10,10,2022-06-12T05:15:20,2022-06-12T19:01:50,0.43,Clear,Clear conditions throughout the day.,clear-day,"42367099999,42369099999,VILK,42469099999"
kanpur,2022-06-13,43,31,36.5,49.8,36.1,42.8,23.1,48.3,0,0,0,,0,0,47.2,20.5,303.1,999.6,12.7,3.9,319,27.5,10,10,2022-06-13T05:15:23,2022-06-13T19:02:11,0.46,Clear,Clear conditions throughout the day.,clear-day,"42367099999,42369099999,VILK,42469099999"
kanpur,2022-06-14,42,31,36.6,51.1,35.1,42,22.3,44.8,0,0,0,,0,0,51.5,22.3,290.4,998.7,25.9,4.3,320.5,27.8,10,10,2022-06-14T05:15:28,2022-06-14T19:02:31,0.5,Partially cloudy,Clearing in the afternoon.,partly-cloudy-day,"42369099999,VILK"
kanpur,2022-06-15,41.4,30,36.2,49.8,34.1,42.4,23.2,48.3,0,0,0,,0,0,39.6,22.3,295.7,998.1,39.1,4.4,292.7,25.1,10,10,2022-06-15T05:15:34,2022-06-15T19:02:50,0.53,Partially cloudy,Partly cloudy throughout the day.,partly-cloudy-day,"42367099999,42369099999,VILK,42469099999"
kanpur,2022-06-16,37,29,32.6,47.6,35.1,40.7,25.4,66.5,0,0,0,rain,0,0,46.1,22.3,235,999.5,88.2,3.5,140.9,12.3,9,30,2022-06-16T05:15:41,2022-06-16T19:03:08,0.56,Partially cloudy,Partly cloudy throughout the day.,partly-cloudy-day,"42369099999,VILK,42469099999"
kanpur,2022-06-17,39,28,33.4,47.2,32.4,40,24.3,61.4,0,0,0,rain,0,0,34.2,20.5,300.9,999.7,62.3,5.2,244.9,20.9,10,10,2022-06-17T05:15:49,2022-06-17T19:03:26,0.59,Partially cloudy,Partly cloudy throughout the day.,partly-cloudy-day,"42369099999,VILK,remote"
kanpur,2022-06-18,37,29,33.1,46,33.6,39.9,24.5,61.8,0,0,0,,0,0,34.6,14.8,292.8,1000.5,76.2,4.4,260.6,22.4,10,10,2022-06-18T05:15:58,2022-06-18T19:03:42,0.63,Partially cloudy,Partly cloudy throughout the day.,partly-cloudy-day,"42369099999,VILK,42469099999"
kanpur,2022-06-19,37,29,32.7,46,34,39.5,24.5,63.1,0,0,0,,0,0,35.3,18.4,276,1000.1,67.6,4.4,304.3,26.1,10,10,2022-06-19T05:16:08,2022-06-19T19:03:58,0.66,Partially cloudy,Partly cloudy throughout the day.,partly-cloudy-day,"42369099999,VILK,42469099999"
kanpur,2022-06-20,36.3,28,31.8,41.9,31.5,37,23.5,62.7,0,0,0,rain,0,0,24.1,14.8,279,998.7,74.3,4.4,322.8,27.7,10,10,2022-06-20T05:16:19,2022-06-20T19:04:12,0.7,Partially cloudy,Partly cloudy throughout the day.,partly-cloudy-day,"42369099999,VILK,42469099999"
kanpur,2022-06-21,36,27,29.8,44.7,29.8,35.6,24.9,75.7,3,100,4.17,rain,0,0,16.9,18.4,32.8,998.5,71.1,4,250.5,21.6,8,10,2022-06-21T05:16:31,2022-06-21T19:04:25,0.75,"Rain, Partially cloudy",Partly cloudy throughout the day with afternoon rain.,rain,"42367099999,42369099999,VILK,42469099999"
kanpur,2022-06-22,38,27,32.2,48.1,30.3,40.4,25.8,70.1,0,0,0,rain,0,0,17.6,16.6,59.4,1001.7,67,4.4,293.7,25.5,10,10,2022-06-22T05:16:44,2022-06-22T19:04:38,0.77,Partially cloudy,Partly cloudy throughout the day.,partly-cloudy-day,"42369099999,VILK,42469099999"
kanpur,2022-06-23,37,29.8,32.4,48.8,36.7,41.4,26.2,71.1,0,0,0,,0,0,23.4,13,69.1,1002.2,73.6,4.2,259.6,22.5,10,10,2022-06-23T05:16:58,2022-06-23T19:04:49,0.8,Partially cloudy,Partly cloudy throughout the day.,partly-cloudy-day,"42369099999,VILK,42469099999"
kanpur,2022-06-24,39.1,29,33.8,48.2,35.6,42.5,25.7,65.1,0,0,0,,0,0,25.2,11.2,325.7,1000.2,66.5,4.2,324.1,27.8,10,10,2022-06-24T05:17:13,2022-06-24T19:04:59,0.83,Partially cloudy,Partly cloudy throughout the day.,partly-cloudy-day,"42367099999,42369099999,VILK,42469099999"
kanpur,2022-06-25,37,30,33.4,52.5,38.8,45.6,27.7,73.2,0,0,0,,0,0,27.4,16.6,110.4,998.6,70.9,4.3,247,21.1,10,10,2022-06-25T05:17:29,2022-06-25T19:05:08,0.87,Partially cloudy,Partly cloudy throughout the day.,partly-cloudy-day,"42367099999,42369099999,VILK,42469099999"
kanpur,2022-06-26,38.6,30,33.8,51.5,37.9,44.8,27,68.9,0,0,0,rain,0,0,35.3,16.6,96.4,1000.1,69.3,4.4,226.2,19.5,8,10,2022-06-26T05:17:46,2022-06-26T19:05:16,0.9,Partially cloudy,Partly cloudy throughout the day.,partly-cloudy-day,"42367099999,42369099999,VILK,42469099999"
kanpur,2022-06-27,38,30,33.4,52.9,35.9,45,27.3,71.1,0,0,0,,0,0,35.3,20.2,105.3,1001.1,78.3,4.8,185.4,16,9,10,2022-06-27T05:18:04,2022-06-27T19:05:23,0.94,Partially cloudy,Partly cloudy throughout the day.,partly-cloudy-day,"42369099999,VILK,remote"
kanpur,2022-06-28,39,28.9,32.4,52.2,35.5,43.5,27.4,75.7,0,0,0,rain,0,0,30.6,18.4,140.4,998.6,82.7,3.4,223.8,19.6,9,60,2022-06-28T05:18:23,2022-06-28T19:05:29,0.97,Partially cloudy,Partly cloudy throughout the day.,partly-cloudy-day,"42369099999,VILK,42469099999"
kanpur,2022-06-29,31.5,27,29,44.3,30.6,36.8,26.9,88.8,0,0,0,,0,0,28.8,16.6,127.3,998,92.6,3.4,227.8,19.8,7,30,2022-06-29T05:18:42,2022-06-29T19:05:33,0,Overcast,Cloudy skies throughout the day.,cloudy,"42369099999,VILK,42469099999"
kanpur,2022-06-30,27,25,26.2,31.2,25,27.9,25.4,96,53,100,12.5,rain,0,0,36.4,14.8,145.8,999.2,99.1,2.5,39.8,3.3,2,10,2022-06-30T05:19:02,2022-06-30T19:05:36,0.04,"Rain, Overcast",Cloudy skies throughout the day with rain clearing later.,rain,"42369099999,VILK"
kanpur,2022-07-01,35.1,26,30.4,49.5,26,39.5,27.3,84.3,0,0,0,,0,0,19.8,7.6,169.2,999.2,88.2,3.6,281,24.3,9,30,2022-07-01T05:19:23,2022-07-01T19:05:38,0.07,Partially cloudy,Partly cloudy throughout the day.,partly-cloudy-day,"42369099999,VILK"
kanpur,2022-07-02,36.5,27.4,31.1,42.4,31.9,39,25.9,76,0.8,100,4.17,rain,0,0,21.6,10.1,98.9,997.8,88.7,8.4,190.5,16.5,9,30,2022-07-02T05:19:44,2022-07-02T19:05:39,0.11,"Rain, Partially cloudy",Partly cloudy throughout the day with morning rain.,rain,"42369099999,VILK,remote"
kanpur,2022-07-03,38.4,28,33.7,53.6,34.2,40.7,24.3,60.8,4,100,4.17,rain,0,0,23.8,12.2,119.5,997.9,78.6,15.5,242.9,21.1,9,30,2022-07-03T05:20:07,2022-07-03T19:05:39,0.14,"Rain, Partially cloudy",Partly cloudy throughout the day with afternoon rain.,rain,"42369099999,VILK,remote,42469099999"
kanpur,2022-07-04,36.8,29.1,33.4,55,36.3,45.2,27.1,71,0,0,0,,0,0,24.8,13,109.2,997.7,78.3,8.4,243.1,21,9,10,2022-07-04T05:20:30,2022-07-04T19:05:37,0.18,Partially cloudy,Partly cloudy throughout the day.,partly-cloudy-day,"42369099999,VILK,remote"
kanpur,2022-07-05,38.7,30,33.3,52.5,38.5,46.3,28.1,75.2,0,0,0,,0,0,28.8,18.7,102.7,997.9,62,5,310.5,26.8,9,10,2022-07-05T05:20:53,2022-07-05T19:05:34,0.21,Partially cloudy,Partly cloudy throughout the day.,partly-cloudy-day,"42369099999,VILK,remote,42469099999"
kanpur,2022-07-06,37.6,30.7,33.9,55,39.5,47.6,28.2,73.5,0,0,0,rain,0,0,39.6,19.4,103.7,1000.3,45.4,5,159.9,13.7,9,30,2022-07-06T05:21:18,2022-07-06T19:05:30,0.24,Partially cloudy,Partly cloudy throughout the day.,partly-cloudy-day,"42367099999,42369099999,VILK,remote,42469099999"
kanpur,2022-07-07,36.5,30,33,48.8,38.9,44.6,27.5,73.7,0,0,0,,0,0,36.4,18.4,105,1002,58.6,4.3,310.6,26.8,9,10,2022-07-07T05:21:42,2022-07-07T19:05:24,0.25,Partially cloudy,Partly cloudy throughout the day.,partly-cloudy-day,"42367099999,42369099999,VILK,42469099999"
kanpur,2022-07-08,38.1,30,34,50.8,38.8,45.9,27.4,69.5,0,0,0,rain,0,0,26.3,14.8,106.7,999.6,54.4,4.4,244.8,21.1,8,10,2022-07-08T05:22:08,2022-07-08T19:05:17,0.31,Partially cloudy,Partly cloudy throughout the day.,partly-cloudy-day,"42369099999,VILK,42469099999"
kanpur,2022-07-09,34.9,30.8,32.3,52,39.6,44.6,28,78.3,0,0,0,,0,0,34.6,22.3,89.9,998.3,76.2,4.4,197.3,16.9,8,10,2022-07-09T05:22:33,2022-07-09T19:05:09,0.35,Partially cloudy,Partly cloudy throughout the day.,partly-cloudy-day,"42369099999,VILK,42469099999"
kanpur,2022-07-10,37,29,33.4,49.5,35.8,43.4,26.5,68.6,0,0,0,,0,0,37.4,23,107.1,998.6,47.7,5.2,312.6,27.1,9,10,2022-07-10T05:23:00,2022-07-10T19:05:00,0.38,Partially cloudy,Partly cloudy throughout the day.,partly-cloudy-day,"42369099999,VILK,remote,42469099999"
kanpur,2022-07-11,39.9,30.1,34.1,50.2,37.9,45.1,26.7,66.9,0,0,0,,0,0,30.2,20.5,98.1,999,41.5,5.3,235.1,20.2,9,10,2022-07-11T05:23:26,2022-07-11T19:04:49,0.41,Partially cloudy,Partly cloudy throughout the day.,partly-cloudy-day,"42369099999,VILK,remote,42469099999"
kanpur,2022-07-12,37,30.8,33.7,51.5,39.2,45.7,27.5,70.6,0,0,0,,0,0,30.6,16.6,101.2,998.6,54.2,4.4,184.1,15.9,8,10,2022-07-12T05:23:54,2022-07-12T19:04:37,0.45,Partially cloudy,Partly cloudy throughout the day.,partly-cloudy-day,"42369099999,VILK,42469099999"
kanpur,2022-07-13,37.5,30.9,34,49.5,37.7,44.9,26.8,66.8,0,0,0,,0,0,30.2,18.4,100.7,996.9,57,4.2,183.8,15.8,8,10,2022-07-13T05:24:21,2022-07-13T19:04:23,0.48,Partially cloudy,Partly cloudy throughout the day.,partly-cloudy-day,"42369099999,VILK,42469099999"
kanpur,2022-07-14,40.1,30,34.2,49.5,35.4,44.8,26.5,66,0,0,0,rain,0,0,44.6,31,101.9,996.4,56.2,5.1,263.5,22.8,9,10,2022-07-14T05:24:49,2022-07-14T19:04:09,0.5,Partially cloudy,Partly cloudy throughout the day.,partly-cloudy-day,"42367099999,42369099999,VILK,remote,42469099999"
kanpur,2022-07-15,37.5,28.9,32.7,49.5,34.4,42.7,26.7,71.8,0,0,0,rain,0,0,46.8,27.7,109.1,998.7,56.2,4.3,270.1,23.3,9,10,2022-07-15T05:25:17,2022-07-15T19:03:53,0.55,Partially cloudy,Partly cloudy throughout the day.,partly-cloudy-day,"42367099999,42369099999,VILK"
kanpur,2022-07-16,38.7,27,31.8,49.5,30.6,41.8,26.9,77.2,8,100,4.17,rain,0,0,33.8,23.4,112.7,999.3,69.2,5.5,225.6,19.4,9,10,2022-07-16T05:25:46,2022-07-16T19:03:35,0.58,"Rain, Partially cloudy",Partly cloudy throughout the day with afternoon rain.,rain,"42367099999,42369099999,VILK,remote,42469099999"
kanpur,2022-07-17,38,30,33.5,50.2,39.7,44.5,27.1,70.4,0,0,0,,0,0,36.4,14.8,94.6,1000.9,55.1,4.3,289.2,24.8,9,10,2022-07-17T05:26:15,2022-07-17T19:03:17,0.62,Partially cloudy,Partly cloudy throughout the day.,partly-cloudy-day,"42367099999,42369099999,VILK,42469099999"
kanpur,2022-07-18,37.4,30.7,33.5,50.2,37.7,43.5,26.4,66.6,0,0,0,rain,0,0,31,18.4,99.3,999.8,43,4.6,240.5,20.8,8,10,2022-07-18T05:26:44,2022-07-18T19:02:57,0.65,Partially cloudy,Partly cloudy throughout the day.,partly-cloudy-day,"42369099999,VILK,42469099999"
kanpur,2022-07-19,38,30,33.5,51.5,38.8,45.8,27.7,72.8,0,0,0,,0,0,27.4,14.8,105.1,998.6,56.7,4.1,238.6,20.5,9,10,2022-07-19T05:27:13,2022-07-19T19:02:36,0.68,Partially cloudy,Partly cloudy throughout the day.,partly-cloudy-day,"42367099999,42369099999,VILK,42469099999"
kanpur,2022-07-20,34,25,29,52,25,36.5,26.1,84.5,52,100,8.33,rain,0,0,32,19.5,124.8,999.4,93.2,3.4,139.2,12,8,60,2022-07-20T05:27:43,2022-07-20T19:02:13,0.75,"Rain, Overcast",Cloudy skies throughout the day with afternoon rain.,rain,"42367099999,42369099999,VILK,42469099999"
kanpur,2022-07-21,31.5,25,27.3,42.6,25,30.6,24.5,85.3,52,100,4.17,rain,0,0,14,16.6,65.7,1001.8,94.1,3.8,182.3,15.7,8,30,2022-07-21T05:28:13,2022-07-21T19:01:49,0.75,"Rain, Overcast",Cloudy skies throughout the day with afternoon rain.,rain,"42367099999,42369099999,VILK,remote,42469099999"
kanpur,2022-07-22,31,26,28.2,44.3,26,33.9,26.1,88.5,0.5,100,4.17,rain,0,0,34.6,13.7,88.2,1002.7,95.1,3.8,183,15.8,8,30,2022-07-22T05:28:43,2022-07-22T19:01:24,0.78,"Rain, Overcast",Cloudy skies throughout the day with morning rain.,rain,"42367099999,42369099999,VILK,remote,42469099999"
kanpur,2022-07-23,34,26.8,29.8,52,30.8,39.2,27.5,87.7,14,100,12.5,rain,0,0,40.7,20.5,101.3,1001.3,86.9,3.5,184.3,15.8,8,30,2022-07-23T05:29:13,2022-07-23T19:00:58,0.82,"Rain, Partially cloudy",Partly cloudy throughout the day with rain.,rain,"42369099999,VILK"
kanpur,2022-07-24,33.3,28,30.6,45.8,33.2,39.7,26.8,80.8,0,0,0,,0,0,43.6,23.8,98.2,1001.5,81.6,5.7,178.5,15.4,8,30,2022-07-24T05:29:43,2022-07-24T19:00:30,0.85,Partially cloudy,Partly cloudy throughout the day.,partly-cloudy-day,"42369099999,VILK,remote"
kanpur,2022-07-25,32.3,24,27.3,40.4,24,31.1,25.5,90.6,25.5,100,20.83,rain,0,0,39.2,20.5,113.3,1004.1,92.5,3.8,211.8,18.2,7,30,2022-07-25T05:30:13,2022-07-25T19:00:01,0.88,"Rain, Overcast",Cloudy skies throughout the day with a chance of rain throughout the day.,rain,"42369099999,VILK,remote,42469099999"
kanpur,2022-07-26,32.5,24.9,28.3,46.2,24.9,34.8,26.6,90.9,0,0,0,rain,0,0,28.4,14.8,116.8,1005.4,89.1,3,221.2,19.2,6,10,2022-07-26T05:30:44,2022-07-26T18:59:31,0.92,Partially cloudy,Partly cloudy throughout the day.,partly-cloudy-day,"42369099999,VILK,42469099999"
kanpur,2022-07-27,31,26.9,28.4,44.3,30.6,35.2,26.6,89.7,0,0,0,rain,0,0,15.1,11.2,135.1,1005.1,90.8,2.9,243.9,21.1,8,30,2022-07-27T05:31:14,2022-07-27T18:59:00,0.95,Overcast,Cloudy skies throughout the day.,cloudy,"42367099999,42369099999,VILK,42469099999"
kanpur,2022-07-28,30,26,27.8,40.4,26,33,26.2,90.9,1.7,100,8.33,rain,0,0,16.2,11.2,206.7,1006,89.1,3.3,234.3,20.1,9,30,2022-07-28T05:31:44,2022-07-28T18:58:27,0,"Rain, Partially cloudy",Partly cloudy throughout the day with rain in the morning and afternoon.,rain,"42369099999,VILK"
kanpur,2022-07-29,32.5,27,28.6,46.2,31.2,35.5,26.7,90.2,2,100,4.17,rain,0,0,22.7,7.6,246,1004.9,85.5,4.2,192.5,16.8,7,30,2022-07-29T05:32:15,2022-07-29T18:57:53,0.02,"Rain, Partially cloudy",Partly cloudy throughout the day with morning rain.,rain,"42369099999,VILK,remote,42469099999"
kanpur,2022-07-30,31.1,26.8,27.7,44.3,31.1,33.5,26.8,94.6,9.8,100,8.33,rain,0,0,22.7,16.6,269.6,1003.2,91.6,2.8,210,18.2,9,30,2022-07-30T05:32:45,2022-07-30T18:57:18,0.05,"Rain, Overcast",Cloudy skies throughout the day with rain in the morning and afternoon.,rain,"42367099999,42369099999,VILK,42469099999"
kanpur,2022-07-31,33,27,29.3,50.4,31.2,37.6,27.1,88.7,2,100,4.17,rain,0,0,20.9,14.8,292,1000.7,88.1,3.3,228.5,19.9,9,10,2022-07-31T05:33:16,2022-07-31T18:56:42,0.09,"Rain, Partially cloudy",Partly cloudy throughout the day with afternoon rain.,rain,"42367099999,42369099999,VILK,42469099999"
kanpur,2022-08-01,34,27.9,30.7,50.4,33.6,40.9,27.5,83.5,0,0,0,,0,0,24.8,18.4,272.3,1000.5,88,4,215.3,18.6,9,10,2022-08-01T05:33:46,2022-08-01T18:56:05,0.12,Partially cloudy,Partly cloudy throughout the day.,partly-cloudy-day,"42369099999,VILK,42469099999"
kanpur,2022-08-02,33,28,30,47.9,33.6,39.3,27.3,86,0,0,0,,0,0,21.2,11.2,216.6,1000.3,88.5,4.9,169.1,14.7,9,30,2022-08-02T05:34:16,2022-08-02T18:55:26,0.16,Partially cloudy,Partly cloudy throughout the day.,partly-cloudy-day,"42369099999,VILK,remote,42469099999"
kanpur,2022-08-03,33,25.9,28.4,50.4,25.9,34.9,26.8,91.3,17,100,4.17,rain,0,0,30.2,14.8,120.5,1002.1,83.2,3.2,192.3,16.5,9,30,2022-08-03T05:34:46,2022-08-03T18:54:47,0.19,"Rain, Partially cloudy",Partly cloudy throughout the day with afternoon rain.,rain,"42369099999,VILK,42469099999"
kanpur,2022-08-04,34.7,26.7,29.9,50.4,26.7,38.4,27.1,86.5,6,100,8.33,rain,0,0,30.2,14.8,104.3,1002.2,90.8,6.2,208.8,17.9,9,30,2022-08-04T05:35:16,2022-08-04T18:54:06,0.23,"Rain, Overcast",Cloudy skies throughout the day with rain clearing later.,rain,"42369099999,VILK,remote,42469099999"
kanpur,2022-08-05,35.1,26,30.6,52,26,38.6,26.2,79,4,100,4.17,rain,0,0,32.4,12.2,118.3,1000.8,70.7,10,238.6,20.5,9,30,2022-08-05T05:35:46,2022-08-05T18:53:24,0.25,"Rain, Partially cloudy",Partly cloudy throughout the day with early morning rain.,rain,"42369099999,VILK,remote,42469099999"
kanpur,2022-08-06,34.3,27,31.1,52,30.1,42.8,27.9,83.4,1,100,4.17,rain,0,0,17.3,24.1,120.3,998.8,89.9,6.2,246,21.3,9,30,2022-08-06T05:36:16,2022-08-06T18:52:41,0.3,"Rain, Partially cloudy",Partly cloudy throughout the day with late afternoon rain.,rain,"42369099999,VILK,remote"
kanpur,2022-08-07,34.3,25.1,28.4,50.4,25.1,34,26.4,89.3,14,100,4.17,rain,0,0,29.2,19.4,52.6,998.9,95.2,5.6,160,13.8,7,30,2022-08-07T05:36:46,2022-08-07T18:51:57,0.33,"Rain, Overcast",Cloudy skies throughout the day with afternoon rain.,rain,"42367099999,42369099999,VILK,remote"
kanpur,2022-08-08,34.4,26,30.4,52,26,39.3,27.2,84,0.3,100,8.33,rain,0,0,25.2,16.6,76.9,998,64.4,6.2,186,16,9,30,2022-08-08T05:37:16,2022-08-08T18:51:12,0.37,"Rain, Partially cloudy",Partly cloudy throughout the day with rain clearing later.,rain,"42369099999,VILK,remote,42469099999"
kanpur,2022-08-09,34.9,28,31.8,52,33.1,41.8,26.9,76.5,0,0,0,,0,0,38.2,23.8,90,997.5,63.4,7.3,239.6,20.7,9,30,2022-08-09T05:37:45,2022-08-09T18:50:26,0.4,Partially cloudy,Partly cloudy throughout the day.,partly-cloudy-day,"42369099999,VILK,remote"
kanpur,2022-08-10,33.6,27.9,30.7,47.9,31,39.4,26.4,78,0,0,0,,0,0,51.5,31.7,89.2,996.2,50.4,8.5,260.1,22.3,9,30,2022-08-10T05:38:15,2022-08-10T18:49:39,0.44,Partially cloudy,Partly cloudy throughout the day.,partly-cloudy-day,"42367099999,42369099999,VILK,remote,42469099999"
kanpur,2022-08-11,33,28,30.1,45.8,31.2,38.7,26.6,81.8,0,0,0,rain,0,0,58.7,31.9,90.9,997.9,88.1,5.3,176.3,15.1,6,10,2022-08-11T05:38:44,2022-08-11T18:48:51,0.47,Partially cloudy,Partly cloudy throughout the day.,partly-cloudy-day,"42369099999,VILK,remote"
kanpur,2022-08-12,32,27,29.3,46.2,30.6,37.5,26.9,86.6,0,0,0,rain,0,0,45.7,22.3,107,998.8,68.3,4.3,174,14.9,6,30,2022-08-12T05:39:13,2022-08-12T18:48:02,0.5,Partially cloudy,Partly cloudy throughout the day.,partly-cloudy-day,"42369099999,VILK"
kanpur,2022-08-13,34.5,27.1,30.8,49.5,31.6,41.4,27.6,83.6,0,0,0,rain,0,0,20.9,11.2,112.6,998.9,70.9,4.3,202.3,17.4,8,30,2022-08-13T05:39:42,2022-08-13T18:47:12,0.54,Partially cloudy,Partly cloudy throughout the day.,partly-cloudy-day,"42369099999,VILK"
kanpur,2022-08-14,33.3,26.3,30.1,47.9,26.3,39.4,27.4,85.9,15.4,100,8.33,rain,0,0,32,14.8,83.3,1000.6,88.3,5.1,166.9,14.4,8,30,2022-08-14T05:40:10,2022-08-14T18:46:21,0.57,"Rain, Partially cloudy",Partly cloudy throughout the day with morning rain.,rain,"42367099999,42369099999,VILK,remote"
kanpur,2022-08-15,31,26,28.6,42.4,26,34.7,26,86,2,100,4.17,rain,0,0,59.4,29.2,84.8,1000.6,85.2,3.9,185.3,16.1,8,10,2022-08-15T05:40:39,2022-08-15T18:45:30,0.6,"Rain, Partially cloudy",Partly cloudy throughout the day with late afternoon rain.,rain,"42369099999,VILK,remote,42469099999"
kanpur,2022-08-16,32.4,26.1,28.7,44.3,26.1,35,26,85.6,0,0,0,rain,0,0,55.4,28.3,112.2,1002.5,86.6,4.6,157.3,13.7,7,10,2022-08-16T05:41:07,2022-08-16T18:44:37,0.64,Partially cloudy,Partly cloudy throughout the day.,partly-cloudy-day,"42367099999,42369099999,VILK,remote,42469099999"
kanpur,2022-08-17,34,27,30.1,49.5,31,39.2,27.3,85.6,0,0,0,rain,0,0,20.5,7.6,222.1,1003.5,54.1,4.4,219.3,19,9,10,2022-08-17T05:41:36,2022-08-17T18:43:44,0.67,Partially cloudy,Partly cloudy throughout the day.,partly-cloudy-day,"42367099999,42369099999,VILK,42469099999"
kanpur,2022-08-18,34,27,30.3,49.5,31.2,39.6,27.2,84,0,0,0,,0,0,27.7,22.3,278.6,1001.7,47.1,5.2,228.3,19.8,9,30,2022-08-18T05:42:03,2022-08-18T18:42:49,0.7,Partially cloudy,Partly cloudy throughout the day.,partly-cloudy-day,"42369099999,VILK,remote"
kanpur,2022-08-19,34.3,25,29,50.4,25,36.8,26.7,87.6,12,100,8.33,rain,0,0,25.6,15.7,301.4,1001.1,90.4,3.5,177.6,15.3,7,30,2022-08-19T05:42:31,2022-08-19T18:41:54,0.75,"Rain, Overcast",Cloudy skies throughout the day with rain.,rain,"42369099999,VILK"
kanpur,2022-08-20,33,25,28.4,47.9,25,34.6,25.9,86.6,3,100,4.17,rain,0,0,36,14,35.7,1001.5,83.9,4.4,191.7,16.6,8,60,2022-08-20T05:42:59,2022-08-20T18:40:59,0.77,"Rain, Partially cloudy",Partly cloudy throughout the day with late afternoon rain.,rain,"42369099999,VILK,remote,42469099999"
kanpur,2022-08-21,32,28,30,44.1,33,38.6,26.9,83.6,0,0,0,rain,0,0,47.2,25.9,70.1,998.8,81.4,4.2,159.5,14,8,30,2022-08-21T05:43:26,2022-08-21T18:40:02,0.8,Partially cloudy,Partly cloudy throughout the day.,partly-cloudy-day,"42369099999,VILK,42469099999"
kanpur,2022-08-22,32.8,25.8,29.4,46.2,25.8,37,26.7,85.8,5,100,8.33,rain,0,0,45.7,28.8,102.9,998.1,75.8,6.1,205.4,17.7,7,30,2022-08-22T05:43:54,2022-08-22T18:39:05,0.83,"Rain, Partially cloudy",Partly cloudy throughout the day with rain.,rain,"42369099999,VILK,remote,42469099999"
kanpur,2022-08-23,33,25.2,29.4,44.1,25.2,36.9,26.4,84.2,0,0,0,,0,0,44.3,15.5,155.4,1002,60.5,5.1,258.2,22.4,9,10,2022-08-23T05:44:21,2022-08-23T18:38:07,0.87,Partially cloudy,Partly cloudy throughout the day.,partly-cloudy-day,"42369099999,VILK,remote,42469099999"
kanpur,2022-08-24,30.1,26,27.9,40.4,26,32.8,26.2,90.9,4,100,12.5,rain,0,0,21.2,14.8,119.7,1005.3,88.9,3.3,168.9,14.6,8,10,2022-08-24T05:44:48,2022-08-24T18:37:08,0.9,"Rain, Partially cloudy",Partly cloudy throughout the day with rain clearing later.,rain,"42367099999,42369099999,VILK"
kanpur,2022-08-25,31,26.7,28.5,44.3,26.7,35.7,26.8,90.4,8,100,4.17,rain,0,0,22,9.4,293.1,1003.5,77.7,3.5,203.7,17.5,9,30,2022-08-25T05:45:14,2022-08-25T18:36:09,0.93,"Rain, Partially cloudy",Partly cloudy throughout the day with afternoon rain.,rain,"42367099999,42369099999,VILK,42469099999"
kanpur,2022-08-26,34.7,27,29.9,50.4,31.2,37.5,26.5,83.4,0.1,100,4.17,rain,0,0,18.7,13.3,286.3,1002.6,73.2,7.1,234.7,20.2,9,30,2022-08-26T05:45:41,2022-08-26T18:35:09,0.96,"Rain, Partially cloudy",Partly cloudy throughout the day with afternoon rain.,rain,"42369099999,VILK,remote"
kanpur,2022-08-27,35,27,30.8,54.9,31.2,42.2,28.1,85.7,0,0,0,,0,0,30.6,11.2,282.3,1001.4,69.3,4,213,18.5,9,30,2022-08-27T05:46:07,2022-08-27T18:34:08,0,Partially cloudy,Partly cloudy throughout the day.,partly-cloudy-day,"42369099999,VILK"
kanpur,2022-08-28,32.3,26,29.1,46.2,26,36.9,27.1,89.1,0.4,100,4.17,rain,0,0,32.8,11.2,270.8,1003.2,88.6,4,185.6,16.1,7,10,2022-08-28T05:46:33,2022-08-28T18:33:07,0.03,"Rain, Partially cloudy",Partly cloudy throughout the day with afternoon rain.,rain,"42369099999,VILK,42469099999"
kanpur,2022-08-29,33.3,26,28.8,47.6,26,35.2,26.1,85.3,0,0,0,rain,0,0,31,8.3,113.8,1006.9,77,7.8,217.4,18.7,9,30,2022-08-29T05:46:59,2022-08-29T18:32:05,0.07,Partially cloudy,Partly cloudy throughout the day.,partly-cloudy-day,"42369099999,VILK,remote,42469099999"
kanpur,2022-08-30,33.3,27,28.8,50.4,31.1,36.6,27.1,90.4,29,100,4.17,rain,0,0,15.8,18.4,301.7,1007.1,74.1,3.4,216,18.6,9,30,2022-08-30T05:47:25,2022-08-30T18:31:03,0.1,"Rain, Partially cloudy",Partly cloudy throughout the day with afternoon rain.,rain,"42369099999,VILK"
kanpur,2022-08-31,35.2,26.8,29.8,52,30.7,38.4,27.1,86.7,0,0,0,rain,0,0,20.5,13,245.6,1004.8,73.7,4.5,210.8,18.2,9,30,2022-08-31T05:47:51,2022-08-31T18:30:00,0.14,Partially cloudy,Partly cloudy throughout the day.,partly-cloudy-day,"42369099999,VILK,remote,42469099999"
kanpur,2022-09-01,34.7,25,28.1,50.4,25,33.1,25.7,87.6,36,100,8.33,rain,0,0,37.4,8.5,248.1,1005.3,91.4,4.7,167.9,14.5,8,60,2022-09-01T05:48:17,2022-09-01T18:28:57,0.18,"Rain, Overcast",Cloudy skies throughout the day with afternoon rain.,rain,"42369099999,VILK,remote,42469099999"
kanpur,2022-09-02,33,25,28.7,50.4,25,34.7,25.6,84.1,0.1,100,4.17,rain,0,0,22,12.2,232.5,1006.5,80.2,8,202.4,17.4,6,30,2022-09-02T05:48:42,2022-09-02T18:27:53,0.21,"Rain, Partially cloudy",Partly cloudy throughout the day with early morning rain.,rain,"42369099999,VILK,remote"
kanpur,2022-09-03,35.7,26,29.5,54.9,26,37.2,26.6,84.9,0,0,0,,0,0,37.4,16.6,263.7,1003.2,64.6,5.7,221.6,19.2,9,30,2022-09-03T05:49:08,2022-09-03T18:26:49,0.25,Partially cloudy,Partly cloudy throughout the day.,partly-cloudy-day,"42367099999,42369099999,VILK,remote"
kanpur,2022-09-04,37.6,26.9,30.7,51,30.3,39.4,26.6,80.4,0,0,0,,0,0,39.2,16.2,273,1002.4,61.1,4.8,261.8,22.6,9,30,2022-09-04T05:49:33,2022-09-04T18:25:44,0.28,Partially cloudy,Partly cloudy throughout the day.,partly-cloudy-day,"42369099999,VILK,remote,42469099999"
kanpur,2022-09-05,35.2,27,31,51,31.2,39.7,26.6,79.1,0,0,0,,0,0,22.7,13,277.8,1003.6,48.7,5.9,269.5,23.4,9,30,2022-09-05T05:49:58,2022-09-05T18:24:39,0.32,Partially cloudy,Partly cloudy throughout the day.,partly-cloudy-day,"42369099999,VILK,remote,42469099999"
kanpur,2022-09-06,35.8,27,31,49.5,30.6,40.4,26.9,79.7,0,0,0,,0,0,29.2,9.4,26.2,1004.9,48.6,5.1,261.1,22.7,9,10,2022-09-06T05:50:23,2022-09-06T18:23:34,0.35,Partially cloudy,Partly cloudy throughout the day.,partly-cloudy-day,"42369099999,VILK,remote,42469099999"
kanpur,2022-09-07,36,27,30.7,53.1,31.2,41.1,27.6,84.2,15,100,4.17,rain,0,0,19.4,11.2,56.2,1006.6,72,3.6,269.3,23.3,9,10,2022-09-07T05:50:48,2022-09-07T18:22:28,0.39,"Rain, Partially cloudy",Partly cloudy throughout the day with afternoon rain.,rain,"42369099999,VILK,42469099999"
kanpur,2022-09-08,34.3,27,30.3,52,31.1,41,27.9,87,0,0,0,,0,0,25.6,3.6,100,1007.6,73.5,3.5,250.1,21.6,9,10,2022-09-08T05:51:13,2022-09-08T18:21:22,0.42,Partially cloudy,Partly cloudy throughout the day.,partly-cloudy-day,"42369099999,VILK"
kanpur,2022-09-09,34.3,27,30.1,50.1,31.1,39.3,27.2,84.8,0,0,0,,0,0,30.2,13.7,103.3,1007,65.6,4.9,187,16.1,9,30,2022-09-09T05:51:38,2022-09-09T18:20:16,0.46,Partially cloudy,Partly cloudy throughout the day.,partly-cloudy-day,"42369099999,VILK,remote,42469099999"
kanpur,2022-09-10,34.3,27,30.1,52,30.6,39.4,27.2,84.7,0,0,0,,0,0,28.8,14.8,88.7,1006,60.6,4.3,226.1,19.4,9,30,2022-09-10T05:52:03,2022-09-10T18:19:09,0.5,Partially cloudy,Partly cloudy throughout the day.,partly-cloudy-day,"42369099999,VILK"
kanpur,2022-09-11,33.6,26.6,29.8,47.9,26.6,38,26.4,81.9,0,0,0,,0,0,35.6,22.3,88.4,1003.4,44.8,7.4,230,19.9,8,30,2022-09-11T05:52:28,2022-09-11T18:18:02,0.53,Partially cloudy,Partly cloudy throughout the day.,partly-cloudy-day,"42367099999,42369099999,VILK,remote,42469099999"
kanpur,2022-09-12,32.7,26,28.7,42.4,26,33.8,25.3,82.3,0.9,100,12.5,rain,0,0,46.4,26.6,90.9,1001.5,62.1,6,179.9,15.5,7,30,2022-09-12T05:52:52,2022-09-12T18:16:55,0.56,"Rain, Partially cloudy",Partly cloudy throughout the day with afternoon rain.,rain,"42369099999,VILK,remote,42469099999"
kanpur,2022-09-13,29,26,27.3,36.8,26,31,25.4,89.8,0.2,100,4.17,rain,0,0,49,25.9,92.3,1001.8,92.1,3.2,78,6.6,4,10,2022-09-13T05:53:17,2022-09-13T18:15:48,0.59,"Rain, Overcast",Cloudy skies throughout the day with morning rain.,rain,"42369099999,VILK,42469099999"
kanpur,2022-09-14,27,25,25.9,31.2,25,26.7,25.3,96.3,46.8,100,16.67,rain,0,0,44.6,22.3,106.8,1003,98.5,3.2,57.8,5.1,3,10,2022-09-14T05:53:42,2022-09-14T18:14:41,0.62,"Rain, Overcast",Cloudy skies throughout the day with a chance of rain throughout the day.,rain,"42369099999,VILK,remote,42469099999"
kanpur,2022-09-15,30,25,26.4,39.4,25,28.4,25.7,96,47,100,25,rain,0,0,46.8,20.5,144.7,1000.7,100,2.6,54,4.6,5,10,2022-09-15T05:54:07,2022-09-15T18:13:33,0.66,"Rain, Overcast",Cloudy skies throughout the day with a chance of rain throughout the day.,rain,"42369099999,VILK"
kanpur,2022-09-16,28,24.9,26.2,34.5,24.9,28,25.3,95.4,122,100,16.67,rain,0,0,41,27.7,210.4,997.1,98,4.5,69.7,5.9,4,10,2022-09-16T05:54:32,2022-09-16T18:12:26,0.69,"Rain, Overcast",Cloudy skies throughout the day with rain clearing later.,rain,"42369099999,VILK,remote,42469099999"
kanpur,2022-09-17,30.6,25.8,27.4,37.8,25.8,30.5,25.3,88.9,0,0,0,rain,0,0,23,9.4,282.3,1001.8,85.5,3.4,198.4,17.1,7,10,2022-09-17T05:54:56,2022-09-17T18:11:18,0.72,Partially cloudy,Partly cloudy throughout the day.,partly-cloudy-day,"42367099999,42369099999,VILK,42469099999"
kanpur,2022-09-18,32.4,24.7,28,46.2,24.7,33.3,26.3,90.6,1,100,4.17,rain,0,0,23.4,9.4,292.3,1004.3,81.9,4,218.8,18.9,9,30,2022-09-18T05:55:21,2022-09-18T18:10:11,0.75,"Rain, Partially cloudy",Partly cloudy throughout the day with late afternoon rain.,rain,"42367099999,42369099999,VILK,remote,42469099999"
kanpur,2022-09-19,34,26,29.3,52,26,37.2,27.1,88,0,0,0,rain,0,0,13,7.6,88.8,1004.5,75.3,4.5,236.9,20.3,8,30,2022-09-19T05:55:46,2022-09-19T18:09:03,0.79,Partially cloudy,Partly cloudy throughout the day.,partly-cloudy-day,"42367099999,42369099999,VILK,remote,42469099999"
kanpur,2022-09-20,32.3,25.9,28.3,46.2,25.9,33.5,26.1,88.4,4,100,4.17,rain,0,0,18,16.6,85,1004.5,84.5,4.1,201.1,17.5,8,30,2022-09-20T05:56:11,2022-09-20T18:07:55,0.82,"Rain, Partially cloudy",Partly cloudy throughout the day with late afternoon rain.,rain,"42367099999,42369099999,VILK,remote,42469099999"
kanpur,2022-09-21,31.1,25.7,28.1,44.5,25.7,34.2,26.9,93.5,10.4,100,8.33,rain,0,0,38.2,14.8,84.8,1003.4,89.2,3,97.5,8.3,5,30,2022-09-21T05:56:36,2022-09-21T18:06:48,0.85,"Rain, Partially cloudy",Partly cloudy throughout the day with rain in the morning and afternoon.,rain,"42367099999,42369099999,VILK,42469099999"
kanpur,2022-09-22,32.3,26.7,28.7,46.2,30,36.2,26.9,90.2,0.1,100,4.17,rain,0,0,36.4,21.2,104.1,1003,85.5,4.3,153.6,13.1,8,60,2022-09-22T05:57:01,2022-09-22T18:05:40,0.88,"Rain, Partially cloudy",Partly cloudy throughout the day with afternoon rain.,rain,"42367099999,42369099999,VILK,remote,42469099999"
kanpur,2022-09-23,32,24,27.7,46.2,24,32.8,26.1,91.5,7,100,8.33,rain,0,0,30.2,14.8,125.3,1003.4,88.9,3.1,202.3,17.6,8,30,2022-09-23T05:57:27,2022-09-23T18:04:32,0.91,"Rain, Partially cloudy",Partly cloudy throughout the day with rain.,rain,"42367099999,42369099999,VILK,42469099999"
kanpur,2022-09-24,30.1,25,26.7,38.8,25,29.2,25,90.7,0,0,0,rain,0,0,24.1,16.2,155.6,1003.7,89.1,5.4,145,12.4,6,10,2022-09-24T05:57:52,2022-09-24T18:03:25,0.95,Partially cloudy,Partly cloudy throughout the day.,partly-cloudy-day,"42367099999,42369099999,VILK,remote,42469099999"
kanpur,2022-09-25,28.1,25,26.1,33.6,25,27.2,25.2,95.1,26,100,8.33,rain,0,0,26.6,5.4,206.6,1005.9,84.4,3,183.5,15.8,8,30,2022-09-25T05:58:18,2022-09-25T18:02:18,0.98,"Rain, Partially cloudy",Partly cloudy throughout the day with rain in the morning and afternoon.,rain,"42367099999,42369099999,VILK,42469099999"
kanpur,2022-09-26,32,24.9,27.2,46.2,24.9,30.9,25.7,91.8,0.2,100,4.17,rain,0,0,16.9,11.2,304.1,1007.5,81.3,2.5,220.8,19.1,8,30,2022-09-26T05:58:44,2022-09-26T18:01:10,0,"Rain, Partially cloudy",Partly cloudy throughout the day with late afternoon rain.,rain,"42367099999,42369099999,VILK,42469099999"
kanpur,2022-09-27,33,24.8,28.5,44.1,24.8,33.7,25.8,86,0,0,0,,0,0,13.3,9.4,310.7,1006.2,50.5,4.7,244.8,21,8,10,2022-09-27T05:59:09,2022-09-27T18:00:03,0.05,Partially cloudy,Partly cloudy throughout the day.,partly-cloudy-day,"42367099999,42369099999,VILK,remote,42469099999"
kanpur,2022-09-28,33.1,24.7,28.5,44.1,24.7,33.6,24.8,80.9,0,0,0,,0,0,14.8,9.4,331.1,1005.5,36.9,8.9,244.4,21,8,10,2022-09-28T05:59:36,2022-09-28T17:58:57,0.08,Partially cloudy,Partly cloudy throughout the day.,partly-cloudy-day,"42367099999,42369099999,VILK,remote,42469099999"
kanpur,2022-09-29,33.8,25,29.1,43.8,25,34.9,26,84.4,0,0,0,,0,0,17.3,11.2,302.5,1005.3,30.8,3.4,243.5,20.9,8,10,2022-09-29T06:00:02,2022-09-29T17:57:50,0.12,Partially cloudy,Partly cloudy throughout the day.,partly-cloudy-day,"42367099999,42369099999,VILK,42469099999"
kanpur,2022-09-30,34.1,25.8,28.9,42.1,25.8,32.6,24.3,78.3,0,0,0,,0,0,18.4,11.2,322.6,1005.2,23,6.8,243.5,20.9,8,10,2022-09-30T06:00:28,2022-09-30T17:56:44,0.16,Partially cloudy,Partly cloudy throughout the day.,partly-cloudy-day,"42367099999,42369099999,VILK,remote,42469099999"
kanpur,2022-10-01,33.6,25,28.9,43.8,25,33.6,24.8,80,0,0,0,,0,0,12.2,10.4,297.2,1004.6,28.1,6.1,241.4,20.9,8,10,2022-10-01T06:00:55,2022-10-01T17:55:38,0.19,Partially cloudy,Partly cloudy throughout the day.,partly-cloudy-day,"42369099999,VILK,remote"
kanpur,2022-10-02,33.4,25,29.2,43.8,25,34.9,25.9,83.6,0,0,0,,0,0,13.3,11.2,315.5,1004.5,45.1,3.7,239.3,20.6,8,10,2022-10-02T06:01:22,2022-10-02T17:54:32,0.23,Partially cloudy,Partly cloudy throughout the day.,partly-cloudy-day,"42367099999,42369099999,VILK,remote,42469099999"
kanpur,2022-10-03,34.2,26.3,29.6,45.8,26.3,35.8,25.2,78.4,0,0,0,,0,0,11.5,9.4,306.1,1005,39.9,5.7,232.9,20.1,8,10,2022-10-03T06:01:49,2022-10-03T17:53:27,0.25,Partially cloudy,Partly cloudy throughout the day.,partly-cloudy-day,"42367099999,42369099999,VILK,remote,42469099999"
kanpur,2022-10-04,32.4,26,28.6,42.6,26,34,25.5,84.6,0.3,100,4.17,rain,0,0,31.7,16.9,90.8,1007.1,53.7,6.8,200.7,17.2,8,30,2022-10-04T06:02:17,2022-10-04T17:52:22,0.3,"Rain, Partially cloudy",Partly cloudy throughout the day with afternoon rain.,rain,"42367099999,42369099999,VILK,remote,42469099999"
kanpur,2022-10-05,28,22,25,34.5,22,25.4,23.8,93.2,73,100,12.5,rain,0,0,33.5,12.2,86.1,1007.3,94,3.5,34.8,3.2,1,10,2022-10-05T06:02:45,2022-10-05T17:51:18,0.34,"Rain, Overcast",Cloudy skies throughout the day with rain.,rain,"42367099999,42369099999,VILK,remote,42469099999"
kanpur,2022-10-06,24.7,23.3,24,24.7,23.3,24,23.1,94.7,1,100,4.17,rain,0,0,40,14.8,87.3,1007.8,100,2.9,82.4,7.2,6,10,2022-10-06T06:03:13,2022-10-06T17:50:14,0.37,"Rain, Overcast",Cloudy skies throughout the day with afternoon rain.,rain,"42367099999,42369099999,VILK,42469099999"
kanpur,2022-10-07,28.5,23,24.3,32.5,23,24.5,23.4,94.7,6,100,8.33,rain,0,0,33.1,16.2,74.2,1009.3,95.8,5.7,155.5,13.3,8,30,2022-10-07T06:03:41,2022-10-07T17:49:10,0.41,"Rain, Overcast",Cloudy skies throughout the day with rain.,rain,"42367099999,42369099999,VILK,remote,42469099999"
kanpur,2022-10-08,30,24,25.9,40.4,24,28.1,24.6,92.8,3,100,4.17,rain,0,0,26.3,19.4,92.8,1009.4,95.3,3.3,131.1,11.5,7,30,2022-10-08T06:04:10,2022-10-08T17:48:07,0.44,"Rain, Overcast",Cloudy skies throughout the day with afternoon rain.,rain,"42367099999,42369099999,VILK,remote,42469099999"
kanpur,2022-10-09,32.8,23,26.7,44.6,23,30,25.1,91,23,100,8.33,rain,0,0,23.8,16.6,70.5,1009.2,91.7,2.9,194.1,16.7,7,30,2022-10-09T06:04:39,2022-10-09T17:47:04,0.48,"Rain, Overcast",Cloudy skies throughout the day with late afternoon rain.,rain,"42367099999,42369099999,VILK,remote,42469099999"
kanpur,2022-10-10,28,22,23.7,31.3,22,24,22.3,92.4,92,100,20.83,rain,0,0,31,17.3,104.6,1011.3,96.3,7.6,125.4,11.1,7,30,2022-10-10T06:05:08,2022-10-10T17:46:02,0.5,"Rain, Overcast",Cloudy skies throughout the day with a chance of rain throughout the day.,rain,"42367099999,42369099999,VILK,remote,42469099999"
kanpur,2022-10-11,27,22,24.4,31.2,22,24.9,23.4,93.9,0,0,0,rain,0,0,15.5,7.6,100.7,1009.6,89.5,3,202.8,17.5,8,30,2022-10-11T06:05:38,2022-10-11T17:45:01,0.54,Partially cloudy,Partly cloudy throughout the day.,partly-cloudy-day,"42367099999,42369099999,VILK,42469099999"
kanpur,2022-10-12,30.6,23.4,26.3,37.4,23.4,28.4,24.1,88.8,0.1,100,4.17,rain,0,0,13.7,9.4,303.6,1009.9,63.8,4.8,220.5,19,8,30,2022-10-12T06:06:08,2022-10-12T17:44:00,0.58,"Rain, Partially cloudy",Partly cloudy throughout the day with early morning rain.,rain,"42367099999,42369099999,VILK,remote,42469099999"
kanpur,2022-10-13,31.7,23.1,26.6,37.7,23.1,27.9,22,78.2,0,0,0,,0,0,12.6,10.4,307.1,1011.2,25.1,9.4,225.3,19.4,8,10,2022-10-13T06:06:38,2022-10-13T17:43:00,0.61,Partially cloudy,Partly cloudy throughout the day.,partly-cloudy-day,"42367099999,42369099999,VILK,remote,42469099999"
kanpur,2022-10-14,31.4,22,26.1,36.5,22,27.8,22.6,82.4,0,0,0,,0,0,12.2,5,286.7,1011.2,28.4,4.8,223.6,19.3,8,10,2022-10-14T06:07:09,2022-10-14T17:42:00,0.64,Partially cloudy,Partly cloudy throughout the day.,partly-cloudy-day,"42367099999,42369099999,VILK,remote,42469099999"
kanpur,2022-10-15,31,20.9,25.5,34.6,20.9,26.8,21.6,81.2,0,0,0,,0,0,7.6,4,199.3,1010.6,19.8,4,224.3,19.4,8,10,2022-10-15T06:07:40,2022-10-15T17:41:01,0.67,Clear,Clear conditions throughout the day.,clear-day,"42367099999,42369099999,VILK,remote,42469099999"
kanpur,2022-10-16,31.2,20.2,25.5,33,20.2,25.7,16.4,60.7,0,0,0,,0,0,6.8,5.8,115.9,1012.9,16.7,15.4,226.4,19.5,8,10,2022-10-16T06:08:12,2022-10-16T17:40:03,0.71,Clear,Clear conditions throughout the day.,clear-day,"42369099999,VILK,remote"
kanpur,2022-10-17,31.1,21.7,25.8,35.1,21.7,27,18,63.6,0,0,0,,0,0,12.2,9.4,247.3,1013,8.1,13.4,221,19.1,8,10,2022-10-17T06:08:44,2022-10-17T17:39:06,0.75,Clear,Clear conditions throughout the day.,clear-day,"42367099999,42369099999,VILK,remote,42469099999"
kanpur,2022-10-18,31.5,21,26,34.6,21,27.3,21.7,78.9,0,0,0,,0,0,12.2,7.6,267.1,1011.5,8.4,4.6,219,19,8,10,2022-10-18T06:09:16,2022-10-18T17:38:09,0.77,Clear,Clear conditions throughout the day.,clear-day,"42367099999,42369099999,VILK,remote,42469099999"
kanpur,2022-10-19,31,20.9,25.4,33.7,20.9,26.6,21.3,80.1,0,0,0,,0,0,9.4,5.4,296.9,1011.8,1.3,3.8,218.3,19,8,10,2022-10-19T06:09:49,2022-10-19T17:37:13,0.8,Clear,Clear conditions throughout the day.,clear-day,"42367099999,42369099999,VILK,42469099999"
kanpur,2022-10-20,32.1,20,25.6,35.5,20,27.1,21.8,81.2,0,0,0,,0,0,8.6,3.6,218.5,1013.5,5.6,3.4,215.1,18.5,8,10,2022-10-20T06:10:23,2022-10-20T17:36:18,0.83,Clear,Clear conditions throughout the day.,clear-day,"42367099999,42369099999,VILK,42469099999"
kanpur,2022-10-21,31.1,21,25.5,34.6,21,26.5,21.3,79.7,0,0,0,,0,0,10.4,9.4,302.4,1014.7,0,3.1,213.8,18.5,8,10,2022-10-21T06:10:57,2022-10-21T17:35:24,0.87,Clear,Clear conditions throughout the day.,clear-day,"42367099999,42369099999,VILK,42469099999"
kanpur,2022-10-22,31.5,20,25.2,34.6,20,26.2,21,79.8,0,0,0,,0,0,15.8,7.2,328.8,1015.4,0,4,214.3,18.5,8,10,2022-10-22T06:11:31,2022-10-22T17:34:31,0.9,Clear,Clear conditions throughout the day.,clear-day,"42367099999,42369099999,VILK,remote,42469099999"
kanpur,2022-10-23,31,21,25.2,35.5,21,26.2,20.9,79,0,0,0,,0,0,9.7,5.4,356.5,1013.9,10.2,3.4,214.5,18.5,8,10,2022-10-23T06:12:05,2022-10-23T17:33:39,0.93,Clear,Clear conditions throughout the day.,clear-day,"42367099999,42369099999,VILK,42469099999"
kanpur,2022-10-24,31.4,19,24.6,33.7,19,25.4,19.7,76.1,0,0,0,,0,0,15.8,11.2,313,1008.9,0,3.5,214,18.5,8,10,2022-10-24T06:12:41,2022-10-24T17:32:47,0.96,Clear,Clear conditions throughout the day.,clear-day,"42367099999,42369099999,VILK,42469099999"
kanpur,2022-10-25,31,18,23.6,31.5,18,23.8,18.1,73.8,0,0,0,,0,0,19.4,16.6,289.1,1008.1,0,2.9,213.7,18.4,8,10,2022-10-25T06:13:16,2022-10-25T17:31:57,0,Clear,Clear conditions throughout the day.,clear-day,"42367099999,42369099999,VILK,42469099999"
kanpur,2022-10-26,31.1,17,23.5,31.9,17,23.7,17.6,72.9,0,0,0,,0,0,9.7,7.6,322.4,1012.3,0,3.6,212,18.4,8,10,2022-10-26T06:13:52,2022-10-26T17:31:07,0.03,Clear,Clear conditions throughout the day.,clear-day,"42367099999,42369099999,VILK,remote,42469099999"
kanpur,2022-10-27,31,18,23.8,33,18,24.3,18.9,76.3,0,0,0,,0,0,8.3,4.7,285.2,1012.6,1.7,3.8,208.9,18,8,10,2022-10-27T06:14:29,2022-10-27T17:30:19,0.06,Clear,Clear conditions throughout the day.,clear-day,"42367099999,42369099999,VILK,remote,42469099999"
kanpur,2022-10-28,30,18,23.9,32.6,18,24.7,20,80.5,0,0,0,,0,0,10.4,0,180,1012.7,0,2.9,205.8,17.7,8,10,2022-10-28T06:15:06,2022-10-28T17:29:32,0.1,Clear,Clear conditions throughout the day.,clear-day,"42367099999,42369099999,VILK,42469099999"
kanpur,2022-10-29,30,19,24,32.6,19,24.7,20.1,80.5,0,0,0,,0,0,11.2,3.6,70,1013.2,0.2,2.7,204.4,17.7,7,10,2022-10-29T06:15:43,2022-10-29T17:28:46,0.14,Clear,Clear conditions throughout the day.,clear-day,"42367099999,42369099999,VILK,42469099999"
kanpur,2022-10-30,30,19,24.1,33.3,19,24.9,20.7,83.2,0,0,0,,0,0,9.7,0,180,1013.6,0,2.3,204.8,17.7,7,10,2022-10-30T06:16:21,2022-10-30T17:28:00,0.17,Clear,Clear conditions throughout the day.,clear-day,"42367099999,42369099999,VILK,42469099999"
kanpur,2022-10-31,30,19,23.8,33.3,19,24.6,20.2,82.1,0,0,0,,0,0,5,3.6,308.8,1013.6,0,2.2,203.7,17.7,7,10,2022-10-31T06:16:59,2022-10-31T17:27:16,0.21,Clear,Clear conditions throughout the day.,clear-day,"42367099999,42369099999,VILK,42469099999"
kanpur,2022-11-01,31,18,23.5,32.4,18,23.9,18.6,76.9,0,0,0,,0,0,6.8,5.4,277.2,1014.1,0,2.4,200.1,17.5,7,10,2022-11-01T06:17:38,2022-11-01T17:26:34,0.25,Clear,Clear conditions throughout the day.,clear-day,"42367099999,42369099999,VILK,42469099999"
kanpur,2022-11-02,31,17,23.7,33.7,17,24.3,18.8,76.1,0,0,0,,0,0,14.4,9.4,253.4,1012,0,3,195.4,16.9,7,10,2022-11-02T06:18:17,2022-11-02T17:25:52,0.28,Clear,Clear conditions throughout the day.,clear-day,"42367099999,42369099999,VILK,42469099999"
kanpur,2022-11-03,31,18,23.8,34.6,18,24.5,19.7,79.6,0,0,0,,0,0,15.5,7.6,300,1011,2.5,3,194.8,16.6,7,10,2022-11-03T06:18:57,2022-11-03T17:25:11,0.31,Clear,Clear conditions throughout the day.,clear-day,"42367099999,42369099999,VILK,remote,42469099999"
kanpur,2022-11-04,29.1,18.8,23.7,34.5,18.8,24.9,21.3,86.7,0,0,0,,0,0,10.4,3.6,2.3,1012.7,0,1.6,192.1,16.5,7,10,2022-11-04T06:19:37,2022-11-04T17:24:32,0.35,Clear,Clear conditions throughout the day.,clear-day,"42367099999,42369099999,VILK,42469099999"
kanpur,2022-11-05,30,20,24.6,34.1,20,25.7,21.3,82.9,0,0,0,,0,0,12.6,7.6,110.2,1015.1,0.1,2.3,190,16.3,7,10,2022-11-05T06:20:18,2022-11-05T17:23:54,0.39,Clear,Clear conditions throughout the day.,clear-day,"42367099999,42369099999,VILK,42469099999"
kanpur,2022-11-06,29.5,19,24,31.4,19,24.6,20.2,81.2,0,0,0,,0,0,10.1,5.4,84.5,1015.3,23.8,2.2,167.8,14.4,6,10,2022-11-06T06:20:59,2022-11-06T17:23:17,0.42,Partially cloudy,Partly cloudy throughout the day.,partly-cloudy-day,"42367099999,42369099999,VILK,42469099999"
kanpur,2022-11-07,30.5,19,24.1,32.6,19,24.8,19.5,77.4,0,0,0,,0,0,9.4,6.1,161.4,1014.5,34,4.3,178.1,15.4,7,10,2022-11-07T06:21:40,2022-11-07T17:22:42,0.46,Partially cloudy,Partly cloudy throughout the day.,partly-cloudy-day,"42367099999,42369099999,VILK,remote,42469099999"
kanpur,2022-11-08,30.4,19,24,32.6,19,24.8,20.2,80.6,0,0,0,,0,0,10.8,3.6,165.6,1014.7,13,2.8,184.6,15.9,7,10,2022-11-08T06:22:22,2022-11-08T17:22:08,0.5,Clear,Clear conditions throughout the day.,clear-day,"42367099999,42369099999,VILK,42469099999"
kanpur,2022-11-09,29.3,20,23.8,32,20,24.4,20.6,83.3,0,0,0,,0,0,9.4,7.6,248.2,1014.8,0.1,2.4,181.4,15.7,7,10,2022-11-09T06:23:04,2022-11-09T17:21:35,0.53,Clear,Clear conditions throughout the day.,clear-day,"42367099999,42369099999,VILK,42469099999"
kanpur,2022-11-10,29,19,23.5,31.4,19,24,20.3,83.6,0,0,0,,0,0,14.8,11.2,327.7,1015.5,0,2,181,15.6,7,10,2022-11-10T06:23:47,2022-11-10T17:21:04,0.56,Clear,Clear conditions throughout the day.,clear-day,"42367099999,42369099999,VILK,42469099999"
kanpur,2022-11-11,29,18,22.3,29.2,18,22.4,17.1,74.6,0,0,0,,0,0,20.9,11.2,323.6,1015.3,0,2.8,184.6,16.1,7,10,2022-11-11T06:24:29,2022-11-11T17:20:34,0.59,Clear,Clear conditions throughout the day.,clear-day,"42367099999,42369099999,VILK,remote,42469099999"
kanpur,2022-11-12,27.3,16,20.7,27.8,16,20.8,15.2,72.7,0,0,0,,0,0,20.5,11.2,283.5,1014.9,0,2.4,186.1,16.1,7,10,2022-11-12T06:25:13,2022-11-12T17:20:05,0.62,Clear,Clear conditions throughout the day.,clear-day,"42367099999,42369099999,VILK,42469099999"
kanpur,2022-11-13,28,14,20.3,27.7,14,20.3,14.5,71.9,0,0,0,,0,0,19.1,11.2,282.4,1014.2,0.5,2.3,185.5,16.1,7,10,2022-11-13T06:25:56,2022-11-13T17:19:38,0.66,Clear,Clear conditions throughout the day.,clear-day,"42367099999,42369099999,VILK,42469099999"
kanpur,2022-11-14,27.9,13,19.9,27.4,13,19.9,14.7,75.1,0,0,0,,0,0,11.9,9.4,325.5,1015.2,2.6,1.9,182,15.7,7,10,2022-11-14T06:26:40,2022-11-14T17:19:12,0.69,Clear,Clear conditions throughout the day.,clear-day,"42367099999,42369099999,VILK,42469099999"
kanpur,2022-11-15,29.5,15,21.3,29.1,15,21.3,15.4,71.9,0,0,0,,0,0,15.5,13,292.1,1014.2,0,2.3,179.4,15.4,7,10,2022-11-15T06:27:24,2022-11-15T17:18:48,0.72,Clear,Clear conditions throughout the day.,clear-day,"42367099999,42369099999,VILK,42469099999"
kanpur,2022-11-16,28.7,16,21.8,28.6,16,21.8,15.7,71.4,0,0,0,,0,0,13.7,13,283.6,1012.7,3.1,4.2,177.6,15.4,7,10,2022-11-16T06:28:08,2022-11-16T17:18:25,0.75,Clear,Clear conditions throughout the day.,clear-day,"42367099999,42369099999,VILK,remote,42469099999"
kanpur,2022-11-17,26,15,20,26,15,20,12.9,66.7,0,0,0,,0,0,23.8,18.4,311.4,1013.3,0,3.4,182,15.7,7,10,2022-11-17T06:28:53,2022-11-17T17:18:04,0.78,Clear,Clear conditions throughout the day.,clear-day,"42367099999,42369099999,VILK,remote,42469099999"
kanpur,2022-11-18,25,13,18.5,25,13,18.5,12.4,70.6,0,0,0,,0,0,10.4,9.4,301.4,1015.2,0,4.1,180.8,15.7,7,10,2022-11-18T06:29:37,2022-11-18T17:17:44,0.82,Clear,Clear conditions throughout the day.,clear-day,"42367099999,42369099999,VILK,remote,42469099999"
kanpur,2022-11-19,25.2,13,18.7,25.2,13,18.7,11.8,67.8,0,0,0,,0,0,7.9,3.6,338.5,1015.5,0,5,179.5,15.6,7,10,2022-11-19T06:30:22,2022-11-19T17:17:26,0.85,Clear,Clear conditions throughout the day.,clear-day,"42367099999,42369099999,VILK,remote,42469099999"
kanpur,2022-11-20,26.5,13,19.1,26.5,13,19.1,14.3,76.1,0,0,0,,0,0,7.6,4.7,349.5,1013.5,0,4.1,175.4,15.2,7,10,2022-11-20T06:31:07,2022-11-20T17:17:09,0.88,Clear,Clear conditions throughout the day.,clear-day,"42367099999,42369099999,VILK,remote,42469099999"
kanpur,2022-11-21,27.4,14.8,20,27.3,14.8,20,14.3,73.1,0,0,0,,0,0,16.6,11.9,298.9,1012.5,0,4.1,177.1,15.2,7,10,2022-11-21T06:31:52,2022-11-21T17:16:54,0.91,Clear,Clear conditions throughout the day.,clear-day,"42367099999,42369099999,VILK,remote,42469099999"
kanpur,2022-11-22,27,13,19.4,26.8,13,19.4,12.9,69.5,0,0,0,,0,0,15.5,11.2,319.3,1012.6,0.7,2.4,176.6,15.2,7,10,2022-11-22T06:32:38,2022-11-22T17:16:40,0.95,Clear,Clear conditions throughout the day.,clear-day,"42367099999,42369099999,VILK,42469099999"
kanpur,2022-11-23,26,13,18.8,26,13,18.8,11.9,67.3,0,0,0,,0,0,17.3,10.1,308.9,1013.4,7.8,3.4,171.2,14.7,7,10,2022-11-23T06:33:23,2022-11-23T17:16:28,0.98,Clear,Clear conditions throughout the day.,clear-day,"42367099999,42369099999,VILK,remote,42469099999"
kanpur,2022-11-24,26,12,18.1,26,12,18.1,12.2,71.8,0,0,0,,0,0,12.2,9.4,310.2,1013.6,0.1,2.3,177.1,15.1,7,10,2022-11-24T06:34:08,2022-11-24T17:16:17,0,Clear,Clear conditions throughout the day.,clear-day,"42367099999,42369099999,VILK,42469099999"
kanpur,2022-11-25,26.5,12,18.5,26.5,12,18.5,12.8,72.6,0,0,0,,0,0,12.2,11.2,329.2,1015,2.7,2.1,174.4,15,7,10,2022-11-25T06:34:53,2022-11-25T17:16:08,0.05,Clear,Clear conditions throughout the day.,clear-day,"42367099999,42369099999,VILK,42469099999"
kanpur,2022-11-26,26.4,13.4,19,26.4,13.4,19,12.7,69.4,0,0,0,,0,0,10.8,9,285.3,1012.2,3.7,5.8,172.8,14.9,7,10,2022-11-26T06:35:39,2022-11-26T17:16:00,0.08,Clear,Clear conditions throughout the day.,clear-day,"42367099999,42369099999,VILK,remote,42469099999"
kanpur,2022-11-27,27,13.8,19.3,27.5,13.8,19.3,14.1,74.5,0,0,0,,0,0,7.9,5.4,290.7,1010.5,0,4.8,171.4,14.9,7,10,2022-11-27T06:36:24,2022-11-27T17:15:54,0.12,Clear,Clear conditions throughout the day.,clear-day,"42367099999,42369099999,VILK,remote,42469099999"
kanpur,2022-11-28,27,13,19.1,27.7,13,19.2,15.3,80.8,0,0,0,,0,0,4.3,3.6,325.5,1011.9,0,1.7,169.5,14.6,7,10,2022-11-28T06:37:09,2022-11-28T17:15:50,0.15,Clear,Clear conditions throughout the day.,clear-day,"42367099999,42369099999,VILK,42469099999"
kanpur,2022-11-29,26.9,13.8,19.3,27.3,13.8,19.3,15.3,80.7,0,0,0,,0,0,6.5,5.8,337.1,1014,2.5,2.2,168.1,14.5,6,10,2022-11-29T06:37:54,2022-11-29T17:15:47,0.19,Clear,Clear conditions throughout the day.,clear-day,"42367099999,42369099999,VILK,remote,42469099999"
kanpur,2022-11-30,25.3,13.7,19.2,25.3,13.7,19.2,15.6,81.2,0,0,0,,0,0,7.6,2.7,315,1015.2,11.7,1.6,153.5,13.4,6,10,2022-11-30T06:38:38,2022-11-30T17:15:46,0.25,Clear,Clear conditions throughout the day.,clear-day,"42367099999,42369099999,VILK,42469099999"
kanpur,2022-12-01,25,12,18.2,25,12,18.2,13,74.5,0,0,0,,0,0,8.6,6.8,265.5,1014.6,0,3.6,170.9,14.8,7,10,2022-12-01T06:39:23,2022-12-01T17:15:46,0.26,Clear,Clear conditions throughout the day.,clear-day,"42367099999,42369099999,VILK,remote,42469099999"
kanpur,2022-12-02,25.6,12,18.2,25.6,12,18.2,13.5,76.9,0,0,0,,0,0,5.8,6.5,224.7,1013.8,0,3.5,166.3,14.3,6,10,2022-12-02T06:40:07,2022-12-02T17:15:48,0.29,Clear,Clear conditions throughout the day.,clear-day,"42367099999,42369099999,VILK,remote,42469099999"
kanpur,2022-12-03,25,12.1,18.1,25,12.1,18.1,13.8,78.9,0,0,0,,0,0,5.4,3.6,325.7,1014.3,8.5,3.4,157.4,13.7,6,10,2022-12-03T06:40:50,2022-12-03T17:15:51,0.33,Clear,Clear conditions throughout the day.,clear-day,"42367099999,42369099999,VILK,remote,42469099999"
kanpur,2022-12-04,24.3,12.7,17.9,24.3,12.7,17.9,15,84,0,0,0,,0,0,9.4,9.4,312.6,1014.8,0.9,1.7,165.8,14.3,6,10,2022-12-04T06:41:34,2022-12-04T17:15:56,0.36,Clear,Clear conditions throughout the day.,clear-day,"42367099999,42369099999,VILK,42469099999"
kanpur,2022-12-05,24.4,12,17.2,24.4,12,17.2,14.4,84.9,0,0,0,,0,0,9,5.4,311.4,1016.1,0.5,1.3,166,14.3,6,10,2022-12-05T06:42:17,2022-12-05T17:16:03,0.4,Clear,Clear conditions throughout the day.,clear-day,"42367099999,42369099999,VILK,42469099999"
kanpur,2022-12-06,24.1,11,17.1,24.1,11,17.1,10.7,72,0,0,0,,0,0,19.1,16.2,308,1014.8,0,5.3,166.6,14.3,6,10,2022-12-06T06:43:00,2022-12-06T17:16:11,0.43,Clear,Clear conditions throughout the day.,clear-day,"42367099999,42369099999,VILK,remote,42469099999"
kanpur,2022-12-07,24,11,16.6,24,11,16.6,12,76.9,0,0,0,,0,0,23.8,14.8,306.2,1013.8,0,1.8,165.7,14.3,6,10,2022-12-07T06:43:42,2022-12-07T17:16:20,0.47,Clear,Clear conditions throughout the day.,clear-day,"42367099999,42369099999,VILK,42469099999"
kanpur,2022-12-08,24,11.4,16.9,24,11.4,16.9,12.9,79,0,0,0,,0,0,14.4,7.6,317.5,1014.7,0,1.8,164.7,14.3,6,10,2022-12-08T06:44:23,2022-12-08T17:16:31,0.5,Clear,Clear conditions throughout the day.,clear-day,"42367099999,42369099999,VILK,42469099999"
kanpur,2022-12-09,25.7,10.8,17.8,25.7,10.8,17.8,13.1,77.1,0,0,0,,0,0,11.5,9.4,282,1013.9,0.1,3.4,162.3,14.2,6,10,2022-12-09T06:45:04,2022-12-09T17:16:44,0.54,Clear,Clear conditions throughout the day.,clear-day,"42367099999,42369099999,VILK,remote,42469099999"
kanpur,2022-12-10,25.9,12,18,25.9,12,18,14.6,82.1,0,0,0,,0,0,6.1,3.6,331.5,1014.1,0,1.5,160.8,13.9,6,10,2022-12-10T06:45:45,2022-12-10T17:16:57,0.57,Clear,Clear conditions throughout the day.,clear-day,"42367099999,42369099999,VILK,42469099999"
kanpur,2022-12-11,27,12.5,18.4,28.2,12.5,18.6,15.3,83.2,0,0,0,,0,0,12.6,7.6,285.4,1013.8,2.2,1.7,160.9,14,6,10,2022-12-11T06:46:25,2022-12-11T17:17:13,0.6,Clear,Clear conditions throughout the day.,clear-day,"42367099999,42369099999,VILK,42469099999"
kanpur,2022-12-12,28,13,19.5,27.5,13,19.4,13.3,71.7,0,0,0,,0,0,19.8,14.8,306.7,1012.8,4.1,3,158.5,13.6,6,10,2022-12-12T06:47:04,2022-12-12T17:17:30,0.63,Clear,Clear conditions throughout the day.,clear-day,"42367099999,42369099999,VILK,remote,42469099999"
kanpur,2022-12-13,27.3,13,19.1,26.7,13,19,10.5,64.9,0,0,0,,0,0,25.6,16.2,302.1,1014,0,5.6,158.7,13.7,6,10,2022-12-13T06:47:42,2022-12-13T17:17:48,0.67,Clear,Clear conditions throughout the day.,clear-day,"42367099999,42369099999,VILK,remote,42469099999"
kanpur,2022-12-14,25.4,11,17.4,25.4,11,17.4,8.1,61.1,0,0,0,,0,0,33.8,20.5,304.6,1014.4,4.9,6.6,163.9,14.2,6,10,2022-12-14T06:48:20,2022-12-14T17:18:08,0.7,Clear,Clear conditions throughout the day.,clear-day,"42367099999,42369099999,VILK,remote,42469099999"
kanpur,2022-12-15,24.3,10,16.1,24.3,10,16.1,7.3,62.5,0,0,0,,0,0,23,20.5,304.5,1014.1,9.5,5.6,163.9,14.2,6,10,2022-12-15T06:48:57,2022-12-15T17:18:29,0.73,Clear,Clear conditions throughout the day.,clear-day,"42367099999,42369099999,VILK,remote,42469099999"
kanpur,2022-12-16,24.1,9.8,15.8,24.1,9.8,15.8,7.9,65.2,0,0,0,,0,0,13.3,11.2,295.2,1013.4,14.3,6.6,156.2,13.6,6,10,2022-12-16T06:49:33,2022-12-16T17:18:51,0.75,Clear,Clear conditions throughout the day.,clear-day,"42367099999,42369099999,VILK,remote,42469099999"
kanpur,2022-12-17,23,8.4,15.7,23,8.4,15.7,10.9,76,0,0,0,,0,0,11.5,5.8,305.3,1014.8,0.2,2.5,161.7,14,6,10,2022-12-17T06:50:08,2022-12-17T17:19:15,0.8,Clear,Clear conditions throughout the day.,clear-day,"42367099999,42369099999,VILK,remote,42469099999"
kanpur,2022-12-18,23,9.3,15.5,23,9.3,15.5,13,86,0,0,0,,0,0,12.2,5.4,317.2,1015.1,0.3,1.1,161.8,14,6,10,2022-12-18T06:50:42,2022-12-18T17:19:40,0.83,Clear,Clear conditions throughout the day.,clear-day,"42367099999,42369099999,VILK,42469099999"
kanpur,2022-12-19,22.6,10,15.4,22.6,10,15.4,11.9,84.6,0,0,0,,0,0,12.2,9.7,305.9,1013.6,26.6,3.6,158,13.6,6,10,2022-12-19T06:51:15,2022-12-19T17:20:06,0.86,Partially cloudy,Partly cloudy throughout the day.,partly-cloudy-day,"42367099999,42369099999,VILK,remote,42469099999"
kanpur,2022-12-20,20,9.5,13.9,20,9.5,13.9,12.9,93.3,0,0,0,,0,0,13,7.6,281.6,1013,54,0.5,159.1,13.7,6,10,2022-12-20T06:51:47,2022-12-20T17:20:33,0.9,Partially cloudy,Partly cloudy throughout the day.,fog,"42367099999,42369099999,VILK,42469099999"
kanpur,2022-12-21,23.7,8,15.2,23.7,8,15.2,10.4,77.7,0,0,0,,0,0,10.8,38.2,272.1,1013.8,25.4,3.1,157.6,13.5,6,10,2022-12-21T06:52:19,2022-12-21T17:21:02,0.93,Partially cloudy,Clearing in the afternoon.,partly-cloudy-day,"42367099999,42369099999,VILK,remote,42469099999"
kanpur,2022-12-22,24.3,9,16.8,24.3,9,16.8,11.4,74.4,0,0,0,,0,0,15.5,7.6,338.4,1013.3,1.3,1.8,156.9,13.5,6,10,2022-12-22T06:52:49,2022-12-22T17:21:32,0.96,Clear,Clear conditions throughout the day.,clear-day,"42367099999,42369099999,VILK,42469099999"
kanpur,2022-12-23,25.4,10.3,18.2,25.4,10.3,18.2,9.3,62.3,0,0,0,,0,0,11.2,8.6,89.3,1012.7,19.7,6.3,153.7,13.2,6,10,2022-12-23T06:53:18,2022-12-23T17:22:03,0,Clear,Clear conditions throughout the day.,clear-day,"42367099999,42369099999,VILK,remote,42469099999"
kanpur,2022-12-24,25.1,12.8,19.2,25.1,12.8,19.2,12.5,68.8,0.6,100,4.17,rain,0,0,18.4,12.6,351.7,1013.1,34.2,6.5,153.7,13.3,6,10,2022-12-24T06:53:46,2022-12-24T17:22:35,0.03,"Rain, Partially cloudy",Clearing in the afternoon with early morning rain.,rain,"42367099999,42369099999,VILK,remote"
kanpur,2022-12-25,23.4,11,16.7,23.4,11,16.7,10.5,70.3,0,0,0,,0,0,21.2,9.7,321.5,1014.8,20.6,3.7,158.9,13.7,6,10,2022-12-25T06:54:13,2022-12-25T17:23:08,0.06,Partially cloudy,Becoming cloudy in the afternoon.,partly-cloudy-day,"42367099999,42369099999,VILK,remote,42469099999"
kanpur,2022-12-26,21.1,9.7,14.3,21.1,9.7,14.3,10,78.2,0,0,0,,0,0,10.8,7.6,317.4,1017.1,20.1,1.4,163,13.9,6,10,2022-12-26T06:54:38,2022-12-26T17:23:42,0.1,Partially cloudy,Partly cloudy throughout the day.,partly-cloudy-day,"42367099999,42369099999,VILK,42469099999"
kanpur,2022-12-27,20.2,7,11.3,20.2,5.2,10.9,8.9,86.9,0,0,0,,0,0,21.2,14,284.6,1016.7,16.8,2.7,161.2,13.9,6,10,2022-12-27T06:55:02,2022-12-27T17:24:18,0.13,Clear,Clear conditions throughout the day.,clear-day,"42367099999,42369099999,VILK,remote,42469099999"
kanpur,2022-12-28,22.3,7,13.8,22.3,7,13.7,8.5,76.8,0,0,0,,0,0,32,20.9,288.9,1016.6,0,4.1,161.9,13.9,6,10,2022-12-28T06:55:25,2022-12-28T17:24:54,0.17,Clear,Clear conditions throughout the day.,clear-day,"42367099999,42369099999,VILK,remote,42469099999"
kanpur,2022-12-29,19.9,7,13.4,19.9,7,13.4,10.2,82.8,0,0,0,,0,0,17.3,11.9,322.7,1018.6,16.8,2.7,156.5,13.5,6,10,2022-12-29T06:55:47,2022-12-29T17:25:31,0.2,Clear,Clear conditions throughout the day.,clear-day,"42367099999,42369099999,VILK,remote,42469099999"
kanpur,2022-12-30,22,9,14.7,22,9,14.7,11.6,84.4,0,0,0,,0,0,7.2,3.6,196.8,1018.7,17.8,2.7,150,12.8,6,10,2022-12-30T06:56:08,2022-12-30T17:26:09,0.25,Clear,Clear conditions throughout the day.,clear-day,"42367099999,42369099999,VILK,remote,42469099999"
kanpur,2022-12-31,16.5,9,12.8,16.5,9,12.8,11.8,93.9,0,0,0,,0,0,13.3,11.2,295.8,1018.2,12.8,0.5,161.4,14,6,10,2022-12-31T06:56:27,2022-12-31T17:26:48,0.27,Clear,Clear conditions throughout the day.,fog,"42367099999,42369099999,VILK,42469099999"
